Timestamp,ID,IsExtended,DLC,Data
1754423771.3404613,0x26,False,2,E880
1754423771.3558798,0x26,False,2,E880
1754423771.3705223,0x26,False,2,E880
1754423771.385958,0x26,False,2,E880
1754423771.4021196,0x26,False,2,E880
1754423771.417339,0x26,False,2,E880
1754423771.4330199,0x26,False,2,E880
1754423771.4478505,0x26,False,2,E880
1754423771.454549,0x7df,False,8,02010C0000000000
1754423771.4626958,0x26,False,2,E880
1754423771.4775646,0x26,False,2,E880
1754423771.4927285,0x26,False,2,E880
1754423771.5076888,0x26,False,2,E880
1754423771.5228605,0x26,False,2,E880
1754423771.5378625,0x26,False,2,E880
1754423771.552676,0x26,False,2,E880
1754423771.5679498,0x26,False,2,E880
1754423771.582585,0x26,False,2,E880
1754423771.597494,0x26,False,2,E880
1754423771.61244,0x26,False,2,E880
1754423771.6276107,0x26,False,2,E880
1754423771.642823,0x26,False,2,E880
1754423771.6548965,0x7df,False,8,02010C0000000000
1754423771.6579301,0x26,False,2,E880
1754423771.672506,0x26,False,2,E880
1754423771.6876333,0x26,False,2,E880
1754423771.7026567,0x26,False,2,E880
1754423771.702746,0x99,False,1,00
1754423771.7174659,0x26,False,2,E880
1754423771.7325492,0x26,False,2,E880
1754423771.7477086,0x26,False,2,E880
1754423771.7624092,0x26,False,2,E880
1754423771.7774556,0x26,False,2,E880
1754423771.79244,0x26,False,2,E880
1754423771.8075337,0x26,False,2,E880
1754423771.8224938,0x26,False,2,E880
1754423771.8375258,0x26,False,2,E880
1754423771.8524806,0x26,False,2,E880
1754423771.8553305,0x7df,False,8,02010C0000000000
1754423771.8678255,0x26,False,2,E880
1754423771.882467,0x26,False,2,E880
1754423771.8974977,0x26,False,2,E880
1754423771.9124646,0x26,False,2,E880
1754423771.92777,0x26,False,2,E880
1754423771.9426436,0x26,False,2,E880
1754423771.9579515,0x26,False,2,E880
1754423771.972949,0x26,False,2,E880
1754423771.9882834,0x26,False,2,E880
1754423772.0029767,0x26,False,2,E880
1754423772.0180197,0x26,False,2,E880
1754423772.0330548,0x26,False,2,E880
1754423772.048629,0x26,False,2,E880
1754423772.0558665,0x7df,False,8,02010C0000000000
1754423772.06366,0x26,False,2,E880
1754423772.077899,0x26,False,2,E880
1754423772.0930898,0x26,False,2,E880
1754423772.1082368,0x26,False,2,E880
1754423772.1229963,0x26,False,2,E880
1754423772.138171,0x26,False,2,E880
1754423772.1534452,0x26,False,2,E880
1754423772.1681607,0x26,False,2,E880
1754423772.1829884,0x26,False,2,E880
1754423772.1981332,0x26,False,2,E880
1754423772.2131453,0x26,False,2,E880
1754423772.2280767,0x26,False,2,E880
1754423772.2431526,0x26,False,2,E880
1754423772.243265,0x99,False,1,00
1754423772.2562435,0x7df,False,8,02010C0000000000
1754423772.2587814,0x26,False,2,E880
1754423772.2728944,0x26,False,2,E880
1754423772.2882094,0x26,False,2,E880
1754423772.3029852,0x26,False,2,E880
1754423772.3178728,0x26,False,2,E880
1754423772.3329732,0x26,False,2,E880
1754423772.3481505,0x26,False,2,E880
1754423772.36314,0x26,False,2,E880
1754423772.3778598,0x26,False,2,E880
1754423772.3929713,0x26,False,2,E880
1754423772.4079418,0x26,False,2,E880
1754423772.422961,0x26,False,2,E880
1754423772.4380565,0x26,False,2,E880
1754423772.4529953,0x26,False,2,E880
1754423772.4567604,0x7df,False,8,02010C0000000000
1754423772.4680336,0x26,False,2,E880
1754423772.483127,0x26,False,2,E880
1754423772.4979846,0x26,False,2,E880
1754423772.5129082,0x26,False,2,E880
1754423772.528088,0x26,False,2,E880
1754423772.543146,0x26,False,2,E880
1754423772.5581267,0x26,False,2,E880
1754423772.5730703,0x26,False,2,E880
1754423772.5879052,0x26,False,2,E880
1754423772.6030695,0x26,False,2,E880
1754423772.6179914,0x26,False,2,E880
1754423772.633373,0x26,False,2,E880
1754423772.6482356,0x26,False,2,E880
1754423772.657182,0x7df,False,8,02010C0000000000
1754423772.6632774,0x26,False,2,E880
1754423772.6781619,0x26,False,2,E880
1754423772.6931932,0x26,False,2,E880
1754423772.708557,0x26,False,2,E880
1754423772.7232819,0x26,False,2,E880
1754423772.7380834,0x26,False,2,E880
1754423772.75335,0x26,False,2,E880
1754423772.768332,0x26,False,2,E880
1754423772.7832897,0x26,False,2,E880
1754423772.7834046,0x99,False,1,00
1754423772.7982538,0x26,False,2,E880
1754423772.8135388,0x26,False,2,E880
1754423772.8281739,0x26,False,2,E880
1754423772.8429544,0x26,False,2,E880
1754423772.8575296,0x7df,False,8,02010C0000000000
1754423772.8581746,0x26,False,2,E880
1754423772.8733706,0x26,False,2,E880
1754423772.888301,0x26,False,2,E880
1754423772.9031875,0x26,False,2,E880
1754423772.9179795,0x26,False,2,E880
1754423772.9329867,0x26,False,2,E880
1754423772.9480104,0x26,False,2,E880
1754423772.963072,0x26,False,2,E880
1754423772.9779935,0x26,False,2,E880
1754423772.9928906,0x26,False,2,E880
1754423773.0083039,0x26,False,2,E880
1754423773.0237846,0x26,False,2,E880
1754423773.0394495,0x26,False,2,E880
1754423773.054978,0x26,False,2,E880
1754423773.0578551,0x7df,False,8,02010C0000000000
1754423773.0700777,0x26,False,2,E880
1754423773.0855892,0x26,False,2,E880
1754423773.102864,0x26,False,2,E880
1754423773.1152592,0x26,False,2,E880
1754423773.1309223,0x26,False,2,E880
1754423773.1461825,0x26,False,2,E880
1754423773.1618493,0x26,False,2,E880
1754423773.1771579,0x26,False,2,E880
1754423773.1923914,0x26,False,2,E880
1754423773.208038,0x26,False,2,E880
1754423773.225513,0x26,False,2,E880
1754423773.239298,0x26,False,2,E880
1754423773.256448,0x26,False,2,E880
1754423773.2583609,0x7df,False,8,02010C0000000000
1754423773.2705605,0x26,False,2,E880
1754423773.2855463,0x26,False,2,E880
1754423773.3010218,0x26,False,2,E880
1754423773.315697,0x26,False,2,E880
1754423773.3158045,0x99,False,1,00
1754423773.3305993,0x26,False,2,E880
1754423773.3457482,0x26,False,2,E880
1754423773.3612187,0x26,False,2,E880
1754423773.3758175,0x26,False,2,E880
1754423773.3918405,0x26,False,2,E880
1754423773.4063365,0x26,False,2,E880
1754423773.4211118,0x26,False,2,E880
1754423773.4368737,0x26,False,2,E880
1754423773.4551945,0x26,False,2,E880
1754423773.4585898,0x7df,False,8,02010C0000000000
1754423773.4685748,0x26,False,2,E880
1754423773.4826949,0x26,False,2,E880
1754423773.4983563,0x26,False,2,E880
1754423773.5135121,0x26,False,2,E880
1754423773.5283864,0x26,False,2,E880
1754423773.5440743,0x26,False,2,E880
1754423773.5591602,0x26,False,2,E880
1754423773.5756488,0x26,False,2,E880
1754423773.5890229,0x26,False,2,E880
1754423773.604431,0x26,False,2,E880
1754423773.618771,0x26,False,2,E880
1754423773.634618,0x26,False,2,E880
1754423773.6500912,0x26,False,2,E880
1754423773.6591094,0x7df,False,8,02010C0000000000
1754423773.6669092,0x26,False,2,E880
1754423773.6800895,0x26,False,2,E880
1754423773.6953657,0x26,False,2,E880
1754423773.710823,0x26,False,2,E880
1754423773.7264361,0x26,False,2,E880
1754423773.7408884,0x26,False,2,E880
1754423773.7563276,0x26,False,2,E880
1754423773.7716405,0x26,False,2,E880
1754423773.7859156,0x26,False,2,E880
1754423773.8017395,0x26,False,2,E880
1754423773.8167129,0x26,False,2,E880
1754423773.8318474,0x26,False,2,E880
1754423773.8319123,0x99,False,1,00
1754423773.8471313,0x26,False,2,E880
1754423773.8595414,0x7df,False,8,02010C0000000000
1754423773.8628657,0x26,False,2,E880
1754423773.8783522,0x26,False,2,E880
1754423773.89364,0x26,False,2,E880
1754423773.9088836,0x26,False,2,E880
1754423773.9236515,0x26,False,2,E880
1754423773.938528,0x26,False,2,E880
1754423773.9554603,0x26,False,2,E880
1754423773.9693744,0x26,False,2,E880
1754423773.9852977,0x26,False,2,E880
1754423774.002573,0x26,False,2,E880
1754423774.0163531,0x26,False,2,E880
1754423774.0311015,0x26,False,2,E880
1754423774.046386,0x26,False,2,E880
1754423774.0600216,0x7df,False,8,02010C0000000000
1754423774.0623758,0x26,False,2,E880
1754423774.0770175,0x26,False,2,E880
1754423774.091963,0x26,False,2,E880
1754423774.1087902,0x26,False,2,E880
1754423774.124126,0x26,False,2,E880
1754423774.1369915,0x26,False,2,E880
1754423774.151461,0x26,False,2,E880
1754423774.1666138,0x26,False,2,E880
1754423774.1815984,0x26,False,2,E880
1754423774.1972103,0x26,False,2,E880
1754423774.2120998,0x26,False,2,E880
1754423774.2277026,0x26,False,2,E880
1754423774.2438378,0x26,False,2,E880
1754423774.2579098,0x26,False,2,E880
1754423774.2603414,0x7df,False,8,02010C0000000000
1754423774.2735934,0x26,False,2,E880
1754423774.2890978,0x26,False,2,E880
1754423774.3037906,0x26,False,2,E880
1754423774.3184695,0x26,False,2,E880
1754423774.3337662,0x26,False,2,E880
1754423774.3491988,0x26,False,2,E880
1754423774.3641891,0x26,False,2,E880
1754423774.3642666,0x99,False,1,00
1754423774.380037,0x26,False,2,E880
1754423774.3958735,0x26,False,2,E880
1754423774.4106257,0x26,False,2,E880
1754423774.4260528,0x26,False,2,E880
1754423774.4406843,0x26,False,2,E880
1754423774.4561005,0x26,False,2,E880
1754423774.4607666,0x7df,False,8,02010C0000000000
1754423774.47087,0x26,False,2,E880
1754423774.4858057,0x26,False,2,E880
1754423774.50105,0x26,False,2,E880
1754423774.5162408,0x26,False,2,E880
1754423774.5315351,0x26,False,2,E880
1754423774.5468705,0x26,False,2,E880
1754423774.562308,0x26,False,2,E880
1754423774.5775747,0x26,False,2,E880
1754423774.592397,0x26,False,2,E880
1754423774.6085181,0x26,False,2,E880
1754423774.6235204,0x26,False,2,E880
1754423774.6385677,0x26,False,2,E880
1754423774.6537383,0x26,False,2,E880
1754423774.6611905,0x7df,False,8,02010C0000000000
1754423774.6689713,0x26,False,2,E880
1754423774.6837735,0x26,False,2,E880
1754423774.7001016,0x26,False,2,E880
1754423774.7156289,0x26,False,2,E880
1754423774.730996,0x26,False,2,E880
1754423774.745899,0x26,False,2,E880
1754423774.7605352,0x26,False,2,E880
1754423774.775902,0x26,False,2,E880
1754423774.7909298,0x26,False,2,E880
1754423774.8055582,0x26,False,2,E880
1754423774.8207457,0x26,False,2,E880
1754423774.8356807,0x26,False,2,E880
1754423774.8509986,0x26,False,2,E880
1754423774.862044,0x7df,False,8,02010C0000000000
1754423774.8665805,0x26,False,2,E880
1754423774.8823767,0x26,False,2,E880
1754423774.8824818,0x99,False,1,00
1754423774.8978932,0x26,False,2,E880
1754423774.9131036,0x26,False,2,E880
1754423774.9282343,0x26,False,2,E880
1754423774.9431908,0x26,False,2,E880
1754423774.9583342,0x26,False,2,E880
1754423774.9731402,0x26,False,2,E880
1754423774.9878287,0x26,False,2,E880
1754423775.0043886,0x26,False,2,E880
1754423775.0197096,0x26,False,2,E880
1754423775.0347311,0x26,False,2,E880
1754423775.0500588,0x26,False,2,E880
1754423775.0625827,0x7df,False,8,02010C0000000000
1754423775.0659194,0x26,False,2,E880
1754423775.0807157,0x26,False,2,E880
1754423775.0965357,0x26,False,2,E880
1754423775.1116948,0x26,False,2,E880
1754423775.1274784,0x26,False,2,E880
1754423775.142291,0x26,False,2,E880
1754423775.1567671,0x26,False,2,E880
1754423775.172023,0x26,False,2,E880
1754423775.1866422,0x26,False,2,E880
1754423775.2020142,0x26,False,2,E880
1754423775.2173223,0x26,False,2,E880
1754423775.2321913,0x26,False,2,E880
1754423775.2473147,0x26,False,2,E880
1754423775.26281,0x26,False,2,E880
1754423775.2630374,0x7df,False,8,02010C0000000000
1754423775.27805,0x26,False,2,E880
1754423775.2931523,0x26,False,2,E880
1754423775.3083134,0x26,False,2,E880
1754423775.3243937,0x26,False,2,E880
1754423775.3394203,0x26,False,2,E880
1754423775.3562114,0x26,False,2,E880
1754423775.3700044,0x26,False,2,E880
1754423775.3858805,0x26,False,2,E880
1754423775.4010038,0x26,False,2,E880
1754423775.416401,0x26,False,2,E880
1754423775.4164743,0x99,False,1,00
1754423775.430385,0x26,False,2,E880
1754423775.4460886,0x26,False,2,E880
1754423775.4617743,0x26,False,2,E880
1754423775.4636497,0x7df,False,8,02010C0000000000
1754423775.4767423,0x26,False,2,E880
1754423775.4926782,0x26,False,2,E880
1754423775.507281,0x26,False,2,E880
1754423775.5224051,0x26,False,2,E880
1754423775.5374377,0x26,False,2,E880
1754423775.5524755,0x26,False,2,E880
1754423775.567396,0x26,False,2,E880
1754423775.582502,0x26,False,2,E880
1754423775.5973687,0x26,False,2,E880
1754423775.6124759,0x26,False,2,E880
1754423775.6273947,0x26,False,2,E880
1754423775.642381,0x26,False,2,E880
1754423775.6573746,0x26,False,2,E880
1754423775.66427,0x7df,False,8,02010C0000000000
1754423775.6725278,0x26,False,2,E880
1754423775.687174,0x26,False,2,E880
1754423775.7023654,0x26,False,2,E880
1754423775.7173183,0x26,False,2,E880
1754423775.7323067,0x26,False,2,E880
1754423775.7474709,0x26,False,2,E880
1754423775.7623951,0x26,False,2,E880
1754423775.777311,0x26,False,2,E880
1754423775.792331,0x26,False,2,E880
1754423775.8073242,0x26,False,2,E880
1754423775.822311,0x26,False,2,E880
1754423775.8373067,0x26,False,2,E880
1754423775.8522518,0x26,False,2,E880
1754423775.864603,0x7df,False,8,02010C0000000000
1754423775.8675506,0x26,False,2,E880
1754423775.882333,0x26,False,2,E880
1754423775.8974168,0x26,False,2,E880
1754423775.9123409,0x26,False,2,E880
1754423775.9273736,0x26,False,2,E880
1754423775.942363,0x26,False,2,E880
1754423775.9573526,0x26,False,2,E880
1754423775.9574413,0x99,False,1,00
1754423775.9722993,0x26,False,2,E880
1754423775.9873438,0x26,False,2,E880
1754423776.0023482,0x26,False,2,E880
1754423776.0175009,0x26,False,2,E880
1754423776.032399,0x26,False,2,E880
1754423776.0473638,0x26,False,2,E880
1754423776.0624235,0x26,False,2,E880
1754423776.0653698,0x7df,False,8,02010C0000000000
1754423776.0778515,0x26,False,2,E880
1754423776.0923448,0x26,False,2,E880
1754423776.107302,0x26,False,2,E880
1754423776.1223204,0x26,False,2,E880
1754423776.137377,0x26,False,2,E880
1754423776.152301,0x26,False,2,E880
1754423776.1672962,0x26,False,2,E880
1754423776.1822908,0x26,False,2,E880
1754423776.1972716,0x26,False,2,E880
1754423776.2131708,0x26,False,2,E880
1754423776.2290955,0x26,False,2,E880
1754423776.243803,0x26,False,2,E880
1754423776.25907,0x26,False,2,E880
1754423776.266002,0x7df,False,8,02010C0000000000
1754423776.274479,0x26,False,2,E880
1754423776.2891388,0x26,False,2,E880
1754423776.3052263,0x26,False,2,E880
1754423776.3204076,0x26,False,2,E880
1754423776.3359284,0x26,False,2,E880
1754423776.3514175,0x26,False,2,E880
1754423776.3662407,0x26,False,2,E880
1754423776.3814127,0x26,False,2,E880
1754423776.3961093,0x26,False,2,E880
1754423776.4118192,0x26,False,2,E880
1754423776.4271483,0x26,False,2,E880
1754423776.4431505,0x26,False,2,E880
1754423776.4577951,0x26,False,2,E880
1754423776.4663556,0x7df,False,8,02010C0000000000
1754423776.473481,0x26,False,2,E880
1754423776.4886913,0x26,False,2,E880
1754423776.4887936,0x99,False,1,00
1754423776.5044029,0x26,False,2,E880
1754423776.519186,0x26,False,2,E880
1754423776.5347497,0x26,False,2,E880
1754423776.5495813,0x26,False,2,E880
1754423776.564758,0x26,False,2,E880
1754423776.5798209,0x26,False,2,E880
1754423776.59591,0x26,False,2,E880
1754423776.6109629,0x26,False,2,E880
1754423776.6261816,0x26,False,2,E880
1754423776.640794,0x26,False,2,E880
1754423776.6570063,0x26,False,2,E880
1754423776.6669214,0x7df,False,8,02010C0000000000
1754423776.672702,0x26,False,2,E880
1754423776.6879206,0x26,False,2,E880
1754423776.7030215,0x26,False,2,E880
1754423776.7187278,0x26,False,2,E880
1754423776.7340605,0x26,False,2,E880
1754423776.7503145,0x26,False,2,E880
1754423776.764591,0x26,False,2,E880
1754423776.7801797,0x26,False,2,E880
1754423776.7960496,0x26,False,2,E880
1754423776.8115804,0x26,False,2,E880
1754423776.826346,0x26,False,2,E880
1754423776.8413892,0x26,False,2,E880
1754423776.8567028,0x26,False,2,E880
1754423776.867347,0x7df,False,8,02010C0000000000
1754423776.8721025,0x26,False,2,E880
1754423776.8867428,0x26,False,2,E880
1754423776.9016683,0x26,False,2,E880
1754423776.9163923,0x26,False,2,E880
1754423776.9313211,0x26,False,2,E880
1754423776.9463305,0x26,False,2,E880
1754423776.9613926,0x26,False,2,E880
1754423776.9763188,0x26,False,2,E880
1754423776.991141,0x26,False,2,E880
1754423777.0068195,0x26,False,2,E880
1754423777.0069408,0x99,False,1,00
1754423777.0223155,0x26,False,2,E880
1754423777.0372367,0x26,False,2,E880
1754423777.0521812,0x26,False,2,E880
1754423777.0676982,0x7df,False,8,02010C0000000000
1754423777.0679917,0x26,False,2,E880
1754423777.0842762,0x26,False,2,E880
1754423777.0996547,0x26,False,2,E880
1754423777.114972,0x26,False,2,E880
1754423777.130157,0x26,False,2,E880
1754423777.1452868,0x26,False,2,E880
1754423777.1604743,0x26,False,2,E880
1754423777.1757278,0x26,False,2,E880
1754423777.1914248,0x26,False,2,E880
1754423777.2062683,0x26,False,2,E880
1754423777.2219133,0x26,False,2,E880
1754423777.2377372,0x26,False,2,E880
1754423777.2526927,0x26,False,2,E880
1754423777.2677069,0x26,False,2,E880
1754423777.2681234,0x7df,False,8,02010C0000000000
1754423777.282931,0x26,False,2,E880
1754423777.2975276,0x26,False,2,E880
1754423777.3127987,0x26,False,2,E880
1754423777.327841,0x26,False,2,E880
1754423777.3430104,0x26,False,2,E880
1754423777.3581913,0x26,False,2,E880
1754423777.3731837,0x26,False,2,E880
1754423777.3888931,0x26,False,2,E880
1754423777.4041085,0x26,False,2,E880
1754423777.4195106,0x26,False,2,E880
1754423777.434548,0x26,False,2,E880
1754423777.449684,0x26,False,2,E880
1754423777.4651926,0x26,False,2,E880
1754423777.4683664,0x7df,False,8,02010C0000000000
1754423777.4809217,0x26,False,2,E880
1754423777.4964244,0x26,False,2,E880
1754423777.5109918,0x26,False,2,E880
1754423777.526388,0x26,False,2,E880
1754423777.5417547,0x26,False,2,E880
1754423777.5419152,0x99,False,1,00
1754423777.5569422,0x26,False,2,E880
1754423777.5719445,0x26,False,2,E880
1754423777.5872314,0x26,False,2,E880
1754423777.6023502,0x26,False,2,E880
1754423777.6178036,0x26,False,2,E880
1754423777.6335883,0x26,False,2,E880
1754423777.6488118,0x26,False,2,E880
1754423777.66394,0x26,False,2,E880
1754423777.6693017,0x7df,False,8,02010C0000000000
1754423777.6796005,0x26,False,2,E880
1754423777.694541,0x26,False,2,E880
1754423777.710183,0x26,False,2,E880
1754423777.7253587,0x26,False,2,E880
1754423777.741148,0x26,False,2,E880
1754423777.755651,0x26,False,2,E880
1754423777.770556,0x26,False,2,E880
1754423777.785896,0x26,False,2,E880
1754423777.8004332,0x26,False,2,E880
1754423777.8155594,0x26,False,2,E880
1754423777.8306048,0x26,False,2,E880
1754423777.8471615,0x26,False,2,E880
1754423777.8613937,0x26,False,2,E880
1754423777.8706515,0x7df,False,8,02010C0000000000
1754423777.8769157,0x26,False,2,E880
1754423777.8914552,0x26,False,2,E880
1754423777.906403,0x26,False,2,E880
1754423777.9213202,0x26,False,2,E880
1754423777.936375,0x26,False,2,E880
1754423777.951689,0x26,False,2,E880
1754423777.966489,0x26,False,2,E880
1754423777.981209,0x26,False,2,E880
1754423777.9962902,0x26,False,2,E880
1754423778.0113082,0x26,False,2,E880
1754423778.0261705,0x26,False,2,E880
1754423778.041155,0x26,False,2,E880
1754423778.056634,0x26,False,2,E880
1754423778.0567367,0x99,False,1,00
1754423778.0709782,0x7df,False,8,02010C0000000000
1754423778.0724132,0x26,False,2,E880
1754423778.0886471,0x26,False,2,E880
1754423778.1034784,0x26,False,2,E880
1754423778.1174154,0x26,False,2,E880
1754423778.1335528,0x26,False,2,E880
1754423778.1484523,0x26,False,2,E880
1754423778.164292,0x26,False,2,E880
1754423778.182709,0x26,False,2,E880
1754423778.1952515,0x26,False,2,E880
1754423778.211456,0x26,False,2,E880
1754423778.2259848,0x26,False,2,E880
1754423778.241086,0x26,False,2,E880
1754423778.2559574,0x26,False,2,E880
1754423778.2712357,0x7df,False,8,02010C0000000000
1754423778.2714,0x26,False,2,E880
1754423778.2861593,0x26,False,2,E880
1754423778.3010364,0x26,False,2,E880
1754423778.316178,0x26,False,2,E880
1754423778.331498,0x26,False,2,E880
1754423778.3468995,0x26,False,2,E880
1754423778.3618624,0x26,False,2,E880
1754423778.3773422,0x26,False,2,E880
1754423778.3929098,0x26,False,2,E880
1754423778.4089458,0x26,False,2,E880
1754423778.423363,0x26,False,2,E880
1754423778.4381943,0x26,False,2,E880
1754423778.4532518,0x26,False,2,E880
1754423778.4680362,0x26,False,2,E880
1754423778.471749,0x7df,False,8,02010C0000000000
1754423778.4840934,0x26,False,2,E880
1754423778.4996638,0x26,False,2,E880
1754423778.5142827,0x26,False,2,E880
1754423778.5292974,0x26,False,2,E880
1754423778.5451853,0x26,False,2,E880
1754423778.560437,0x26,False,2,E880
1754423778.5767758,0x26,False,2,E880
1754423778.5768797,0x99,False,1,00
1754423778.5902393,0x26,False,2,E880
1754423778.611547,0x26,False,2,E880
1754423778.6211581,0x26,False,2,E880
1754423778.6368723,0x26,False,2,E880
1754423778.654915,0x26,False,2,E880
1754423778.6675308,0x26,False,2,E880
1754423778.6720908,0x7df,False,8,02010C0000000000
1754423778.6825664,0x26,False,2,E880
1754423778.6982484,0x26,False,2,E880
1754423778.7144961,0x26,False,2,E880
1754423778.7288165,0x26,False,2,E880
1754423778.744062,0x26,False,2,E880
1754423778.7598255,0x26,False,2,E880
1754423778.7749157,0x26,False,2,E880
1754423778.7898655,0x26,False,2,E880
1754423778.8060002,0x26,False,2,E880
1754423778.8206832,0x26,False,2,E880
1754423778.8362553,0x26,False,2,E880
1754423778.8510282,0x26,False,2,E880
1754423778.8669004,0x26,False,2,E880
1754423778.8725128,0x7df,False,8,02010C0000000000
1754423778.882145,0x26,False,2,E880
1754423778.8983557,0x26,False,2,E880
1754423778.912415,0x26,False,2,E880
1754423778.928504,0x26,False,2,E880
1754423778.9433136,0x26,False,2,E880
1754423778.959882,0x26,False,2,E880
1754423778.9738073,0x26,False,2,E880
1754423778.9899662,0x26,False,2,E880
1754423779.0057585,0x26,False,2,E880
1754423779.020213,0x26,False,2,E880
1754423779.035021,0x26,False,2,E880
1754423779.0507433,0x26,False,2,E880
1754423779.0658562,0x26,False,2,E880
1754423779.0729816,0x7df,False,8,02010C0000000000
1754423779.080684,0x26,False,2,E880
1754423779.097221,0x26,False,2,E880
1754423779.1123435,0x26,False,2,E880
1754423779.112421,0x99,False,1,00
1754423779.1274185,0x26,False,2,E880
1754423779.1442099,0x26,False,2,E880
1754423779.158313,0x26,False,2,E880
1754423779.1732292,0x26,False,2,E880
1754423779.1877325,0x26,False,2,E880
1754423779.2030864,0x26,False,2,E880
1754423779.2189107,0x26,False,2,E880
1754423779.2341614,0x26,False,2,E880
1754423779.2500496,0x26,False,2,E880
1754423779.2644246,0x26,False,2,E880
1754423779.2735794,0x7df,False,8,02010C0000000000
1754423779.2797987,0x26,False,2,E880
1754423779.288657,0x26,False,2,E880
1754423779.2986937,0x26,False,2,E880
1754423779.3087485,0x26,False,2,E880
1754423779.3192844,0x26,False,2,E880
1754423779.3294158,0x26,False,2,E880
1754423779.3393238,0x26,False,2,E880
1754423779.349533,0x26,False,2,E880
1754423779.3594894,0x26,False,2,E880
1754423779.369569,0x26,False,2,E880
1754423779.3791542,0x26,False,2,E880
1754423779.3889651,0x26,False,2,E880
1754423779.3991296,0x26,False,2,E880
1754423779.4091687,0x26,False,2,E880
1754423779.419187,0x26,False,2,E880
1754423779.429163,0x26,False,2,E880
1754423779.4391222,0x26,False,2,E880
1754423779.4495108,0x26,False,2,E880
1754423779.4594698,0x26,False,2,E880
1754423779.4688075,0x26,False,2,E880
1754423779.4739254,0x7df,False,8,02010C0000000000
1754423779.4788954,0x26,False,2,E880
1754423779.4888515,0x26,False,2,E880
1754423779.49882,0x26,False,2,E880
1754423779.5092158,0x26,False,2,E880
1754423779.5188081,0x26,False,2,E880
1754423779.5290458,0x26,False,2,E880
1754423779.53918,0x26,False,2,E880
1754423779.5490596,0x26,False,2,E880
1754423779.5592895,0x26,False,2,E880
1754423779.569332,0x26,False,2,E880
1754423779.5792692,0x26,False,2,E880
1754423779.5894597,0x26,False,2,E880
1754423779.5994766,0x26,False,2,E880
1754423779.6092942,0x26,False,2,E880
1754423779.6191967,0x26,False,2,E880
1754423779.6282196,0x99,False,1,00
1754423779.6292648,0x26,False,2,E880
1754423779.6392775,0x26,False,2,E880
1754423779.6492925,0x26,False,2,E880
1754423779.659239,0x26,False,2,E880
1754423779.6692293,0x26,False,2,E880
1754423779.6742504,0x7df,False,8,02010C0000000000
1754423779.6793022,0x26,False,2,E880
1754423779.6892831,0x26,False,2,E880
1754423779.6992059,0x26,False,2,E880
1754423779.70951,0x26,False,2,E880
1754423779.719634,0x26,False,2,E880
1754423779.7296798,0x26,False,2,E880
1754423779.7407641,0x26,False,2,E880
1754423779.7506497,0x26,False,2,E880
1754423779.7606518,0x26,False,2,E880
1754423779.7696376,0x26,False,2,E880
1754423779.7806122,0x26,False,2,E880
1754423779.7916925,0x26,False,2,E880
1754423779.800678,0x26,False,2,E880
1754423779.8116267,0x26,False,2,E880
1754423779.8218272,0x26,False,2,E880
1754423779.8317115,0x26,False,2,E880
1754423779.842601,0x26,False,2,E880
1754423779.851692,0x26,False,2,E880
1754423779.8616087,0x26,False,2,E880
1754423779.8728387,0x26,False,2,E880
1754423779.874774,0x7df,False,8,02010C0000000000
1754423779.8836138,0x26,False,2,E880
1754423779.8946686,0x26,False,2,E880
1754423779.9036155,0x26,False,2,E880
1754423779.9136918,0x26,False,2,E880
1754423779.924686,0x26,False,2,E880
1754423779.9355953,0x26,False,2,E880
1754423779.945672,0x26,False,2,E880
1754423779.9566982,0x26,False,2,E880
1754423779.9666362,0x26,False,2,E880
1754423779.9758453,0x26,False,2,E880
1754423779.9871473,0x26,False,2,E880
1754423779.9957023,0x26,False,2,E880
1754423780.0066354,0x26,False,2,E880
1754423780.0176945,0x26,False,2,E880
1754423780.027863,0x26,False,2,E880
1754423780.0375676,0x26,False,2,E880
1754423780.047566,0x26,False,2,E880
1754423780.0578532,0x26,False,2,E880
1754423780.0680807,0x26,False,2,E880
1754423780.0752258,0x7df,False,8,02010C0000000000
1754423780.0785587,0x26,False,2,E880
1754423780.0880084,0x26,False,2,E880
1754423780.0978048,0x26,False,2,E880
1754423780.1080017,0x26,False,2,E880
1754423780.1180089,0x26,False,2,E880
1754423780.1279469,0x26,False,2,E880
1754423780.1302261,0x99,False,1,00
1754423780.138244,0x26,False,2,E880
1754423780.148289,0x26,False,2,E880
1754423780.1583424,0x26,False,2,E880
1754423780.168285,0x26,False,2,E880
1754423780.1782205,0x26,False,2,E880
1754423780.1881998,0x26,False,2,E880
1754423780.1983402,0x26,False,2,E880
1754423780.2082806,0x26,False,2,E880
1754423780.218556,0x26,False,2,E880
1754423780.2288105,0x26,False,2,E880
1754423780.238581,0x26,False,2,E880
1754423780.2486138,0x26,False,2,E880
1754423780.2589738,0x26,False,2,E880
1754423780.2688777,0x26,False,2,E880
1754423780.275646,0x7df,False,8,02010C0000000000
1754423780.2795281,0x26,False,2,E880
1754423780.289878,0x26,False,2,E880
1754423780.2995613,0x26,False,2,E880
1754423780.309647,0x26,False,2,E880
1754423780.32002,0x26,False,2,E880
1754423780.3301713,0x26,False,2,E880
1754423780.3402686,0x26,False,2,E880
1754423780.350407,0x26,False,2,E880
1754423780.360214,0x26,False,2,E880
1754423780.3702261,0x26,False,2,E880
1754423780.380567,0x26,False,2,E880
1754423780.3897798,0x26,False,2,E880
1754423780.3999493,0x26,False,2,E880
1754423780.4101503,0x26,False,2,E880
1754423780.4202833,0x26,False,2,E880
1754423780.4302573,0x26,False,2,E880
1754423780.4402177,0x26,False,2,E880
1754423780.449879,0x26,False,2,E880
1754423780.4601517,0x26,False,2,E880
1754423780.4703903,0x26,False,2,E880
1754423780.47589,0x7df,False,8,02010C0000000000
1754423780.4804394,0x26,False,2,E880
1754423780.4904203,0x26,False,2,E880
1754423780.500297,0x26,False,2,E880
1754423780.510365,0x26,False,2,E880
1754423780.5203764,0x26,False,2,E880
1754423780.5303907,0x26,False,2,E880
1754423780.5397613,0x26,False,2,E880
1754423780.54979,0x26,False,2,E880
1754423780.559746,0x26,False,2,E880
1754423780.5697439,0x26,False,2,E880
1754423780.579959,0x26,False,2,E880
1754423780.5899143,0x26,False,2,E880
1754423780.6017442,0x26,False,2,E880
1754423780.6118102,0x26,False,2,E880
1754423780.6217592,0x26,False,2,E880
1754423780.6317997,0x26,False,2,E880
1754423780.6318648,0x99,False,1,00
1754423780.6417203,0x26,False,2,E880
1754423780.6517723,0x26,False,2,E880
1754423780.6617684,0x26,False,2,E880
1754423780.671746,0x26,False,2,E880
1754423780.6763926,0x7df,False,8,02010C0000000000
1754423780.6817272,0x26,False,2,E880
1754423780.6918511,0x26,False,2,E880
1754423780.7016854,0x26,False,2,E880
1754423780.7117634,0x26,False,2,E880
1754423780.7219648,0x26,False,2,E880
1754423780.7317219,0x26,False,2,E880
1754423780.7417536,0x26,False,2,E880
1754423780.7518103,0x26,False,2,E880
1754423780.7617214,0x26,False,2,E880
1754423780.7717216,0x26,False,2,E880
1754423780.7817283,0x26,False,2,E880
1754423780.791831,0x26,False,2,E880
1754423780.80188,0x26,False,2,E880
1754423780.8117414,0x26,False,2,E880
1754423780.8217993,0x26,False,2,E880
1754423780.831966,0x26,False,2,E880
1754423780.8418257,0x26,False,2,E880
1754423780.8517518,0x26,False,2,E880
1754423780.86175,0x26,False,2,E880
1754423780.8718524,0x26,False,2,E880
1754423780.8767252,0x7df,False,8,02010C0000000000
1754423780.8818095,0x26,False,2,E880
1754423780.8917925,0x26,False,2,E880
1754423780.9023533,0x26,False,2,E880
1754423780.9123147,0x26,False,2,E880
1754423780.9223077,0x26,False,2,E880
1754423780.9323869,0x26,False,2,E880
1754423780.9423845,0x26,False,2,E880
1754423780.9523067,0x26,False,2,E880
1754423780.9623346,0x26,False,2,E880
1754423780.9724956,0x26,False,2,E880
1754423780.9823434,0x26,False,2,E880
1754423780.992318,0x26,False,2,E880
1754423781.0018783,0x26,False,2,E880
1754423781.0116894,0x26,False,2,E880
1754423781.0219207,0x26,False,2,E880
1754423781.0318873,0x26,False,2,E880
1754423781.0419452,0x26,False,2,E880
1754423781.0518978,0x26,False,2,E880
1754423781.062068,0x26,False,2,E880
1754423781.0719302,0x26,False,2,E880
1754423781.0771813,0x7df,False,8,02010C0000000000
1754423781.0818322,0x26,False,2,E880
1754423781.0918882,0x26,False,2,E880
1754423781.1018763,0x26,False,2,E880
1754423781.11195,0x26,False,2,E880
1754423781.1218486,0x26,False,2,E880
1754423781.1318703,0x26,False,2,E880
1754423781.134002,0x99,False,1,00
1754423781.1418514,0x26,False,2,E880
1754423781.1519496,0x26,False,2,E880
1754423781.1619265,0x26,False,2,E880
1754423781.171971,0x26,False,2,E880
1754423781.1819098,0x26,False,2,E880
1754423781.1918628,0x26,False,2,E880
1754423781.2018268,0x26,False,2,E880
1754423781.2118847,0x26,False,2,E880
1754423781.2219036,0x26,False,2,E880
1754423781.231828,0x26,False,2,E880
1754423781.241897,0x26,False,2,E880
1754423781.2519267,0x26,False,2,E880
1754423781.2618454,0x26,False,2,E880
1754423781.271886,0x26,False,2,E880
1754423781.277521,0x7df,False,8,02010C0000000000
1754423781.2819102,0x26,False,2,E880
1754423781.291802,0x26,False,2,E880
1754423781.3018327,0x26,False,2,E880
1754423781.3118331,0x26,False,2,E880
1754423781.3218262,0x26,False,2,E880
1754423781.331899,0x26,False,2,E880
1754423781.3419073,0x26,False,2,E880
1754423781.351878,0x26,False,2,E880
1754423781.3618605,0x26,False,2,E880
1754423781.3718376,0x26,False,2,E880
1754423781.3818238,0x26,False,2,E880
1754423781.3921547,0x26,False,2,E880
1754423781.402168,0x26,False,2,E880
1754423781.412179,0x26,False,2,E880
1754423781.422203,0x26,False,2,E880
1754423781.4321434,0x26,False,2,E880
1754423781.4420958,0x26,False,2,E880
1754423781.4521952,0x26,False,2,E880
1754423781.4621406,0x26,False,2,E880
1754423781.4722147,0x26,False,2,E880
1754423781.4779184,0x7df,False,8,02010C0000000000
1754423781.4821873,0x26,False,2,E880
1754423781.492212,0x26,False,2,E880
1754423781.502179,0x26,False,2,E880
1754423781.5121388,0x26,False,2,E880
1754423781.5233605,0x26,False,2,E880
1754423781.5333078,0x26,False,2,E880
1754423781.5432568,0x26,False,2,E880
1754423781.5531387,0x26,False,2,E880
1754423781.5632355,0x26,False,2,E880
1754423781.573164,0x26,False,2,E880
1754423781.5833464,0x26,False,2,E880
1754423781.5932949,0x26,False,2,E880
1754423781.603155,0x26,False,2,E880
1754423781.613429,0x26,False,2,E880
1754423781.6234484,0x26,False,2,E880
1754423781.633362,0x26,False,2,E880
1754423781.6360936,0x99,False,1,00
1754423781.6431963,0x26,False,2,E880
1754423781.6531355,0x26,False,2,E880
1754423781.6631114,0x26,False,2,E880
1754423781.6731684,0x26,False,2,E880
1754423781.6784716,0x7df,False,8,02010C0000000000
1754423781.6835983,0x26,False,2,E880
1754423781.693301,0x26,False,2,E880
1754423781.7032204,0x26,False,2,E880
1754423781.7132149,0x26,False,2,E880
1754423781.7232032,0x26,False,2,E880
1754423781.7332656,0x26,False,2,E880
1754423781.743177,0x26,False,2,E880
1754423781.753299,0x26,False,2,E880
1754423781.7633724,0x26,False,2,E880
1754423781.7733555,0x26,False,2,E880
1754423781.7832294,0x26,False,2,E880
1754423781.7931533,0x26,False,2,E880
1754423781.803225,0x26,False,2,E880
1754423781.8131917,0x26,False,2,E880
1754423781.823231,0x26,False,2,E880
1754423781.8331826,0x26,False,2,E880
1754423781.8433423,0x26,False,2,E880
1754423781.853347,0x26,False,2,E880
1754423781.8634892,0x26,False,2,E880
1754423781.873374,0x26,False,2,E880
1754423781.8789876,0x7df,False,8,02010C0000000000
1754423781.88341,0x26,False,2,E880
1754423781.8934517,0x26,False,2,E880
1754423781.9027457,0x26,False,2,E880
1754423781.9127524,0x26,False,2,E880
1754423781.9227633,0x26,False,2,E880
1754423781.932757,0x26,False,2,E880
1754423781.9427824,0x26,False,2,E880
1754423781.9527726,0x26,False,2,E880
1754423781.9628115,0x26,False,2,E880
1754423781.9728053,0x26,False,2,E880
1754423781.9833472,0x26,False,2,E880
1754423781.9930713,0x26,False,2,E880
1754423782.003128,0x26,False,2,E880
1754423782.013169,0x26,False,2,E880
1754423782.0231946,0x26,False,2,E880
1754423782.0330722,0x26,False,2,E880
1754423782.0431297,0x26,False,2,E880
1754423782.0530934,0x26,False,2,E880
1754423782.063025,0x26,False,2,E880
1754423782.0731244,0x26,False,2,E880
1754423782.079439,0x7df,False,8,02010C0000000000
1754423782.0830774,0x26,False,2,E880
1754423782.0930204,0x26,False,2,E880
1754423782.1031687,0x26,False,2,E880
1754423782.113068,0x26,False,2,E880
1754423782.1230998,0x26,False,2,E880
1754423782.1331866,0x26,False,2,E880
1754423782.1380477,0x99,False,1,00
1754423782.1431384,0x26,False,2,E880
1754423782.1532354,0x26,False,2,E880
1754423782.1633532,0x26,False,2,E880
1754423782.1732097,0x26,False,2,E880
1754423782.183172,0x26,False,2,E880
1754423782.1933668,0x26,False,2,E880
1754423782.2032013,0x26,False,2,E880
1754423782.2131677,0x26,False,2,E880
1754423782.2232683,0x26,False,2,E880
1754423782.23315,0x26,False,2,E880
1754423782.2431796,0x26,False,2,E880
1754423782.253324,0x26,False,2,E880
1754423782.2631538,0x26,False,2,E880
1754423782.2730782,0x26,False,2,E880
1754423782.279969,0x7df,False,8,02010C0000000000
1754423782.2833538,0x26,False,2,E880
1754423782.2935975,0x26,False,2,E880
1754423782.303596,0x26,False,2,E880
1754423782.3136175,0x26,False,2,E880
1754423782.3236723,0x26,False,2,E880
1754423782.3336527,0x26,False,2,E880
1754423782.344441,0x26,False,2,E880
1754423782.3544407,0x26,False,2,E880
1754423782.363618,0x26,False,2,E880
1754423782.3739343,0x26,False,2,E880
1754423782.3843338,0x26,False,2,E880
1754423782.3947444,0x26,False,2,E880
1754423782.4048898,0x26,False,2,E880
1754423782.4146225,0x26,False,2,E880
1754423782.4246533,0x26,False,2,E880
1754423782.4346178,0x26,False,2,E880
1754423782.4446566,0x26,False,2,E880
1754423782.4546337,0x26,False,2,E880
1754423782.4646776,0x26,False,2,E880
1754423782.474637,0x26,False,2,E880
1754423782.4806638,0x7df,False,8,02010C0000000000
1754423782.4846077,0x26,False,2,E880
1754423782.4947345,0x26,False,2,E880
1754423782.504648,0x26,False,2,E880
1754423782.51465,0x26,False,2,E880
1754423782.5246007,0x26,False,2,E880
1754423782.534589,0x26,False,2,E880
1754423782.5447083,0x26,False,2,E880
1754423782.5548441,0x26,False,2,E880
1754423782.5652797,0x26,False,2,E880
1754423782.5752225,0x26,False,2,E880
1754423782.585232,0x26,False,2,E880
1754423782.5952241,0x26,False,2,E880
1754423782.605202,0x26,False,2,E880
1754423782.615055,0x26,False,2,E880
1754423782.6254413,0x26,False,2,E880
1754423782.6355326,0x26,False,2,E880
1754423782.6405153,0x99,False,1,00
1754423782.6455896,0x26,False,2,E880
1754423782.6554425,0x26,False,2,E880
1754423782.665487,0x26,False,2,E880
1754423782.675404,0x26,False,2,E880
1754423782.6812632,0x7df,False,8,02010C0000000000
1754423782.685457,0x26,False,2,E880
1754423782.695491,0x26,False,2,E880
1754423782.705509,0x26,False,2,E880
1754423782.715633,0x26,False,2,E880
1754423782.7256165,0x26,False,2,E880
1754423782.735512,0x26,False,2,E880
1754423782.744706,0x26,False,2,E880
1754423782.7544575,0x26,False,2,E880
1754423782.764635,0x26,False,2,E880
1754423782.7745311,0x26,False,2,E880
1754423782.7846155,0x26,False,2,E880
1754423782.7946477,0x26,False,2,E880
1754423782.8048465,0x26,False,2,E880
1754423782.8145857,0x26,False,2,E880
1754423782.824958,0x26,False,2,E880
1754423782.8351548,0x26,False,2,E880
1754423782.8449335,0x26,False,2,E880
1754423782.8549082,0x26,False,2,E880
1754423782.8653665,0x26,False,2,E880
1754423782.8750749,0x26,False,2,E880
1754423782.8817766,0x7df,False,8,02010C0000000000
1754423782.8850975,0x26,False,2,E880
1754423782.8950698,0x26,False,2,E880
1754423782.90472,0x26,False,2,E880
1754423782.9150105,0x26,False,2,E880
1754423782.925096,0x26,False,2,E880
1754423782.9350772,0x26,False,2,E880
1754423782.9452407,0x26,False,2,E880
1754423782.9552534,0x26,False,2,E880
1754423782.9652448,0x26,False,2,E880
1754423782.9754121,0x26,False,2,E880
1754423782.985366,0x26,False,2,E880
1754423782.9953532,0x26,False,2,E880
1754423783.0054975,0x26,False,2,E880
1754423783.0154033,0x26,False,2,E880
1754423783.0253983,0x26,False,2,E880
1754423783.0350754,0x26,False,2,E880
1754423783.0450768,0x26,False,2,E880
1754423783.0548656,0x26,False,2,E880
1754423783.064922,0x26,False,2,E880
1754423783.0749073,0x26,False,2,E880
1754423783.0822184,0x7df,False,8,02010C0000000000
1754423783.0849857,0x26,False,2,E880
1754423783.095008,0x26,False,2,E880
1754423783.105015,0x26,False,2,E880
1754423783.1150892,0x26,False,2,E880
1754423783.1251264,0x26,False,2,E880
1754423783.135154,0x26,False,2,E880
1754423783.1429994,0x99,False,1,00
1754423783.1449409,0x26,False,2,E880
1754423783.155138,0x26,False,2,E880
1754423783.1655114,0x26,False,2,E880
1754423783.175283,0x26,False,2,E880
1754423783.1855218,0x26,False,2,E880
1754423783.1955051,0x26,False,2,E880
1754423783.2054112,0x26,False,2,E880
1754423783.2155612,0x26,False,2,E880
1754423783.2264042,0x26,False,2,E880
1754423783.2364025,0x26,False,2,E880
1754423783.2469661,0x26,False,2,E880
1754423783.2566295,0x26,False,2,E880
1754423783.2665992,0x26,False,2,E880
1754423783.2766924,0x26,False,2,E880
1754423783.282921,0x7df,False,8,02010C0000000000
1754423783.286857,0x26,False,2,E880
1754423783.297126,0x26,False,2,E880
1754423783.3071783,0x26,False,2,E880
1754423783.3171015,0x26,False,2,E880
1754423783.3271837,0x26,False,2,E880
1754423783.337082,0x26,False,2,E880
1754423783.3471465,0x26,False,2,E880
1754423783.3571377,0x26,False,2,E880
1754423783.3670318,0x26,False,2,E880
1754423783.3770862,0x26,False,2,E880
1754423783.3870256,0x26,False,2,E880
1754423783.3971095,0x26,False,2,E880
1754423783.4070778,0x26,False,2,E880
1754423783.417131,0x26,False,2,E880
1754423783.4270391,0x26,False,2,E880
1754423783.4372063,0x26,False,2,E880
1754423783.4472885,0x26,False,2,E880
1754423783.4570622,0x26,False,2,E880
1754423783.4671173,0x26,False,2,E880
1754423783.4770873,0x26,False,2,E880
1754423783.483453,0x7df,False,8,02010C0000000000
1754423783.487163,0x26,False,2,E880
1754423783.4971964,0x26,False,2,E880
1754423783.5070963,0x26,False,2,E880
1754423783.517113,0x26,False,2,E880
1754423783.5272167,0x26,False,2,E880
1754423783.5370638,0x26,False,2,E880
1754423783.5472574,0x26,False,2,E880
1754423783.5572243,0x26,False,2,E880
1754423783.5671391,0x26,False,2,E880
1754423783.5770922,0x26,False,2,E880
1754423783.5870974,0x26,False,2,E880
1754423783.5972264,0x26,False,2,E880
1754423783.6071947,0x26,False,2,E880
1754423783.6171215,0x26,False,2,E880
1754423783.627612,0x26,False,2,E880
1754423783.6376944,0x26,False,2,E880
1754423783.6447592,0x99,False,1,00
1754423783.6477334,0x26,False,2,E880
1754423783.6575363,0x26,False,2,E880
1754423783.6678114,0x26,False,2,E880
1754423783.677609,0x26,False,2,E880
1754423783.684058,0x7df,False,8,02010C0000000000
1754423783.6881504,0x26,False,2,E880
1754423783.6982992,0x26,False,2,E880
1754423783.708196,0x26,False,2,E880
1754423783.718237,0x26,False,2,E880
1754423783.728606,0x26,False,2,E880
1754423783.738104,0x26,False,2,E880
1754423783.7482285,0x26,False,2,E880
1754423783.7584476,0x26,False,2,E880
1754423783.7681956,0x26,False,2,E880
1754423783.778112,0x26,False,2,E880
1754423783.7886078,0x26,False,2,E880
1754423783.798105,0x26,False,2,E880
1754423783.8080997,0x26,False,2,E880
1754423783.81848,0x26,False,2,E880
1754423783.8282537,0x26,False,2,E880
1754423783.8384416,0x26,False,2,E880
1754423783.8484535,0x26,False,2,E880
1754423783.857591,0x26,False,2,E880
1754423783.867829,0x26,False,2,E880
1754423783.8775666,0x26,False,2,E880
1754423783.884514,0x7df,False,8,02010C0000000000
1754423783.887474,0x26,False,2,E880
1754423783.8978114,0x26,False,2,E880
1754423783.9076736,0x26,False,2,E880
1754423783.9181056,0x26,False,2,E880
1754423783.9281507,0x26,False,2,E880
1754423783.938297,0x26,False,2,E880
1754423783.9483073,0x26,False,2,E880
1754423783.959021,0x26,False,2,E880
1754423783.9682577,0x26,False,2,E880
1754423783.9784312,0x26,False,2,E880
1754423783.9883595,0x26,False,2,E880
1754423783.9982257,0x26,False,2,E880
1754423784.0085216,0x26,False,2,E880
1754423784.0183764,0x26,False,2,E880
1754423784.0283043,0x26,False,2,E880
1754423784.0383532,0x26,False,2,E880
1754423784.0485184,0x26,False,2,E880
1754423784.0583394,0x26,False,2,E880
1754423784.0682757,0x26,False,2,E880
1754423784.0782983,0x26,False,2,E880
1754423784.0851471,0x7df,False,8,02010C0000000000
1754423784.0883193,0x26,False,2,E880
1754423784.0977378,0x26,False,2,E880
1754423784.107891,0x26,False,2,E880
1754423784.1180713,0x26,False,2,E880
1754423784.1278307,0x26,False,2,E880
1754423784.1378696,0x26,False,2,E880
1754423784.1467893,0x99,False,1,00
1754423784.1477385,0x26,False,2,E880
1754423784.1577501,0x26,False,2,E880
1754423784.1678913,0x26,False,2,E880
1754423784.177807,0x26,False,2,E880
1754423784.1877897,0x26,False,2,E880
1754423784.1979449,0x26,False,2,E880
1754423784.2078047,0x26,False,2,E880
1754423784.2177444,0x26,False,2,E880
1754423784.2280018,0x26,False,2,E880
1754423784.2376995,0x26,False,2,E880
1754423784.2477665,0x26,False,2,E880
1754423784.2577755,0x26,False,2,E880
1754423784.267776,0x26,False,2,E880
1754423784.277739,0x26,False,2,E880
1754423784.2856205,0x7df,False,8,02010C0000000000
1754423784.2879014,0x26,False,2,E880
1754423784.297715,0x26,False,2,E880
1754423784.307665,0x26,False,2,E880
1754423784.317902,0x26,False,2,E880
1754423784.3278112,0x26,False,2,E880
1754423784.3377512,0x26,False,2,E880
1754423784.3480148,0x26,False,2,E880
1754423784.357853,0x26,False,2,E880
1754423784.3678386,0x26,False,2,E880
1754423784.3780801,0x26,False,2,E880
1754423784.3877475,0x26,False,2,E880
1754423784.3977528,0x26,False,2,E880
1754423784.4077587,0x26,False,2,E880
1754423784.417836,0x26,False,2,E880
1754423784.4278374,0x26,False,2,E880
1754423784.4380076,0x26,False,2,E880
1754423784.4478226,0x26,False,2,E880
1754423784.457817,0x26,False,2,E880
1754423784.4677887,0x26,False,2,E880
1754423784.4776912,0x26,False,2,E880
1754423784.4860594,0x7df,False,8,02010C0000000000
1754423784.4877913,0x26,False,2,E880
1754423784.4984438,0x26,False,2,E880
1754423784.5078878,0x26,False,2,E880
1754423784.517874,0x26,False,2,E880
1754423784.5280232,0x26,False,2,E880
1754423784.537802,0x26,False,2,E880
1754423784.5478692,0x26,False,2,E880
1754423784.5579336,0x26,False,2,E880
1754423784.5678384,0x26,False,2,E880
1754423784.577789,0x26,False,2,E880
1754423784.58803,0x26,False,2,E880
1754423784.5978348,0x26,False,2,E880
1754423784.6077943,0x26,False,2,E880
1754423784.6181915,0x26,False,2,E880
1754423784.628229,0x26,False,2,E880
1754423784.6382022,0x26,False,2,E880
1754423784.6483917,0x26,False,2,E880
1754423784.649332,0x99,False,1,00
1754423784.6577451,0x26,False,2,E880
1754423784.6677504,0x26,False,2,E880
1754423784.6777897,0x26,False,2,E880
1754423784.6865025,0x7df,False,8,02010C0000000000
1754423784.6879547,0x26,False,2,E880
1754423784.6978478,0x26,False,2,E880
1754423784.7077029,0x26,False,2,E880
1754423784.7178726,0x26,False,2,E880
1754423784.7277346,0x26,False,2,E880
1754423784.7377722,0x26,False,2,E880
1754423784.7477808,0x26,False,2,E880
1754423784.7577872,0x26,False,2,E880
1754423784.7677948,0x26,False,2,E880
1754423784.7783258,0x26,False,2,E880
1754423784.7882905,0x26,False,2,E880
1754423784.7977843,0x26,False,2,E880
1754423784.8076813,0x26,False,2,E880
1754423784.817594,0x26,False,2,E880
1754423784.82753,0x26,False,2,E880
1754423784.8376834,0x26,False,2,E880
1754423784.847848,0x26,False,2,E880
1754423784.8578076,0x26,False,2,E880
1754423784.8675706,0x26,False,2,E880
1754423784.8776188,0x26,False,2,E880
1754423784.8869345,0x7df,False,8,02010C0000000000
1754423784.887885,0x26,False,2,E880
1754423784.897757,0x26,False,2,E880
1754423784.9075494,0x26,False,2,E880
1754423784.917562,0x26,False,2,E880
1754423784.9276383,0x26,False,2,E880
1754423784.9375782,0x26,False,2,E880
1754423784.9476712,0x26,False,2,E880
1754423784.9579341,0x26,False,2,E880
1754423784.9679952,0x26,False,2,E880
1754423784.9778981,0x26,False,2,E880
1754423784.988033,0x26,False,2,E880
1754423784.9979172,0x26,False,2,E880
1754423785.0154724,0x26,False,2,E880
1754423785.0310361,0x26,False,2,E880
1754423785.0495608,0x26,False,2,E880
1754423785.0620022,0x26,False,2,E880
1754423785.0777435,0x26,False,2,E880
1754423785.087416,0x7df,False,8,02010C0000000000
1754423785.0926433,0x26,False,2,E880
1754423785.1080146,0x26,False,2,E880
1754423785.1232722,0x26,False,2,E880
1754423785.1384468,0x26,False,2,E880
1754423785.1536536,0x26,False,2,E880
1754423785.1537447,0x99,False,1,00
1754423785.1686594,0x26,False,2,E880
1754423785.1835296,0x26,False,2,E880
1754423785.1985695,0x26,False,2,E880
1754423785.214516,0x26,False,2,E880
1754423785.2293081,0x26,False,2,E880
1754423785.244344,0x26,False,2,E880
1754423785.2594275,0x26,False,2,E880
1754423785.2743,0x26,False,2,E880
1754423785.2877364,0x7df,False,8,02010C0000000000
1754423785.290086,0x26,False,2,E880
1754423785.304607,0x26,False,2,E880
1754423785.3196611,0x26,False,2,E880
1754423785.3347578,0x26,False,2,E880
1754423785.3493114,0x26,False,2,E880
1754423785.3644578,0x26,False,2,E880
1754423785.3794966,0x26,False,2,E880
1754423785.3943675,0x26,False,2,E880
1754423785.4093788,0x26,False,2,E880
1754423785.4245565,0x26,False,2,E880
1754423785.4394417,0x26,False,2,E880
1754423785.4546182,0x26,False,2,E880
1754423785.4693763,0x26,False,2,E880
1754423785.484558,0x26,False,2,E880
1754423785.4882555,0x7df,False,8,02010C0000000000
1754423785.4999175,0x26,False,2,E880
1754423785.5145462,0x26,False,2,E880
1754423785.5295525,0x26,False,2,E880
1754423785.544345,0x26,False,2,E880
1754423785.5593488,0x26,False,2,E880
1754423785.5743942,0x26,False,2,E880
1754423785.589363,0x26,False,2,E880
1754423785.6043785,0x26,False,2,E880
1754423785.619448,0x26,False,2,E880
1754423785.6344037,0x26,False,2,E880
1754423785.6493018,0x26,False,2,E880
1754423785.664344,0x26,False,2,E880
1754423785.6793594,0x26,False,2,E880
1754423785.6886857,0x7df,False,8,02010C0000000000
1754423785.6947153,0x26,False,2,E880
1754423785.6947858,0x99,False,1,00
1754423785.7103858,0x26,False,2,E880
1754423785.725057,0x26,False,2,E880
1754423785.7399673,0x26,False,2,E880
1754423785.7550642,0x26,False,2,E880
1754423785.7700064,0x26,False,2,E880
1754423785.7850354,0x26,False,2,E880
1754423785.7999573,0x26,False,2,E880
1754423785.8151057,0x26,False,2,E880
1754423785.830029,0x26,False,2,E880
1754423785.8448944,0x26,False,2,E880
1754423785.860006,0x26,False,2,E880
1754423785.8749192,0x26,False,2,E880
1754423785.8889546,0x7df,False,8,02010C0000000000
1754423785.8901212,0x26,False,2,E880
1754423785.9049764,0x26,False,2,E880
1754423785.920689,0x26,False,2,E880
1754423785.9362628,0x26,False,2,E880
1754423785.9514658,0x26,False,2,E880
1754423785.9658184,0x26,False,2,E880
1754423785.9810872,0x26,False,2,E880
1754423785.9966266,0x26,False,2,E880
1754423786.012167,0x26,False,2,E880
1754423786.0269668,0x26,False,2,E880
1754423786.0425494,0x26,False,2,E880
1754423786.058304,0x26,False,2,E880
1754423786.0742648,0x26,False,2,E880
1754423786.0888586,0x26,False,2,E880
1754423786.089477,0x7df,False,8,02010C0000000000
1754423786.1050181,0x26,False,2,E880
1754423786.1199274,0x26,False,2,E880
1754423786.134399,0x26,False,2,E880
1754423786.1493893,0x26,False,2,E880
1754423786.1644704,0x26,False,2,E880
1754423786.1793604,0x26,False,2,E880
1754423786.1947782,0x26,False,2,E880
1754423786.2097564,0x26,False,2,E880
1754423786.2253737,0x26,False,2,E880
1754423786.2254808,0x99,False,1,00
1754423786.2413323,0x26,False,2,E880
1754423786.2562823,0x26,False,2,E880
1754423786.2713656,0x26,False,2,E880
1754423786.2870085,0x26,False,2,E880
1754423786.2898266,0x7df,False,8,02010C0000000000
1754423786.3020082,0x26,False,2,E880
1754423786.3176746,0x26,False,2,E880
1754423786.3321173,0x26,False,2,E880
1754423786.3475444,0x26,False,2,E880
1754423786.3637094,0x26,False,2,E880
1754423786.378103,0x26,False,2,E880
1754423786.3930583,0x26,False,2,E880
1754423786.407973,0x26,False,2,E880
1754423786.4234192,0x26,False,2,E880
1754423786.439396,0x26,False,2,E880
1754423786.4535074,0x26,False,2,E880
1754423786.4699264,0x26,False,2,E880
1754423786.4838989,0x26,False,2,E880
1754423786.490252,0x7df,False,8,02010C0000000000
1754423786.499092,0x26,False,2,E880
1754423786.514402,0x26,False,2,E880
1754423786.529794,0x26,False,2,E880
1754423786.5452528,0x26,False,2,E880
1754423786.5610452,0x26,False,2,E880
1754423786.574841,0x26,False,2,E880
1754423786.5899873,0x26,False,2,E880
1754423786.605001,0x26,False,2,E880
1754423786.6201787,0x26,False,2,E880
1754423786.6377273,0x26,False,2,E880
1754423786.6509273,0x26,False,2,E880
1754423786.6667247,0x26,False,2,E880
1754423786.6825228,0x26,False,2,E880
1754423786.6905901,0x7df,False,8,02010C0000000000
1754423786.6978593,0x26,False,2,E880
1754423786.7132468,0x26,False,2,E880
1754423786.7286012,0x26,False,2,E880
1754423786.7428901,0x26,False,2,E880
1754423786.7429907,0x99,False,1,00
1754423786.7585523,0x26,False,2,E880
1754423786.774097,0x26,False,2,E880
1754423786.7890043,0x26,False,2,E880
1754423786.8045,0x26,False,2,E880
1754423786.8200746,0x26,False,2,E880
1754423786.8353858,0x26,False,2,E880
1754423786.849974,0x26,False,2,E880
1754423786.8649912,0x26,False,2,E880
1754423786.8798134,0x26,False,2,E880
1754423786.8909369,0x7df,False,8,02010C0000000000
1754423786.8961751,0x26,False,2,E880
1754423786.9109335,0x26,False,2,E880
1754423786.9260476,0x26,False,2,E880
1754423786.9427464,0x26,False,2,E880
1754423786.9568903,0x26,False,2,E880
1754423786.9728825,0x26,False,2,E880
1754423786.9885983,0x26,False,2,E880
1754423787.0042152,0x26,False,2,E880
1754423787.0207672,0x26,False,2,E880
1754423787.0364118,0x26,False,2,E880
1754423787.0500987,0x26,False,2,E880
1754423787.0652785,0x26,False,2,E880
1754423787.0804665,0x26,False,2,E880
1754423787.0913053,0x7df,False,8,02010C0000000000
1754423787.095928,0x26,False,2,E880
1754423787.1112015,0x26,False,2,E880
1754423787.1262827,0x26,False,2,E880
1754423787.1411533,0x26,False,2,E880
1754423787.1563387,0x26,False,2,E880
1754423787.1723583,0x26,False,2,E880
1754423787.1872506,0x26,False,2,E880
1754423787.2026289,0x26,False,2,E880
1754423787.2178662,0x26,False,2,E880
1754423787.2344582,0x26,False,2,E880
1754423787.2493489,0x26,False,2,E880
1754423787.2650647,0x26,False,2,E880
1754423787.2808979,0x26,False,2,E880
1754423787.2810073,0x99,False,1,00
1754423787.2916396,0x7df,False,8,02010C0000000000
1754423787.2959101,0x26,False,2,E880
1754423787.3109372,0x26,False,2,E880
1754423787.325873,0x26,False,2,E880
1754423787.3413093,0x26,False,2,E880
1754423787.3565912,0x26,False,2,E880
1754423787.3722703,0x26,False,2,E880
1754423787.3872714,0x26,False,2,E880
1754423787.4027739,0x26,False,2,E880
1754423787.4182901,0x26,False,2,E880
1754423787.4358397,0x26,False,2,E880
1754423787.4488783,0x26,False,2,E880
1754423787.4645247,0x26,False,2,E880
1754423787.4814777,0x26,False,2,E880
1754423787.4921422,0x7df,False,8,02010C0000000000
1754423787.4951704,0x26,False,2,E880
1754423787.5094557,0x26,False,2,E880
1754423787.5253608,0x26,False,2,E880
1754423787.5397847,0x26,False,2,E880
1754423787.5565066,0x26,False,2,E880
1754423787.5711036,0x26,False,2,E880
1754423787.5855038,0x26,False,2,E880
1754423787.600608,0x26,False,2,E880
1754423787.615454,0x26,False,2,E880
1754423787.6308532,0x26,False,2,E880
1754423787.6463647,0x26,False,2,E880
1754423787.6618943,0x26,False,2,E880
1754423787.677351,0x26,False,2,E880
1754423787.6925128,0x7df,False,8,02010C0000000000
1754423787.6926148,0x26,False,2,E880
1754423787.7079384,0x26,False,2,E880
1754423787.723033,0x26,False,2,E880
1754423787.7378962,0x26,False,2,E880
1754423787.7538664,0x26,False,2,E880
1754423787.769034,0x26,False,2,E880
1754423787.7838545,0x26,False,2,E880
1754423787.7996511,0x26,False,2,E880
1754423787.7997441,0x99,False,1,00
1754423787.8147292,0x26,False,2,E880
1754423787.8297184,0x26,False,2,E880
1754423787.8468006,0x26,False,2,E880
1754423787.8601542,0x26,False,2,E880
1754423787.875387,0x26,False,2,E880
1754423787.89113,0x26,False,2,E880
1754423787.8928802,0x7df,False,8,02010C0000000000
1754423787.9064038,0x26,False,2,E880
1754423787.9215417,0x26,False,2,E880
1754423787.9371433,0x26,False,2,E880
1754423787.95276,0x26,False,2,E880
1754423787.9690294,0x26,False,2,E880
1754423787.9823477,0x26,False,2,E880
1754423787.9981172,0x26,False,2,E880
1754423788.0124931,0x26,False,2,E880
1754423788.0280259,0x26,False,2,E880
1754423788.0421576,0x26,False,2,E880
1754423788.0573823,0x26,False,2,E880
1754423788.0725973,0x26,False,2,E880
1754423788.088464,0x26,False,2,E880
1754423788.0933158,0x7df,False,8,02010C0000000000
1754423788.1038706,0x26,False,2,E880
1754423788.118448,0x26,False,2,E880
1754423788.13423,0x26,False,2,E880
1754423788.1502264,0x26,False,2,E880
1754423788.163917,0x26,False,2,E880
1754423788.1791363,0x26,False,2,E880
1754423788.194258,0x26,False,2,E880
1754423788.2098818,0x26,False,2,E880
1754423788.2256126,0x26,False,2,E880
1754423788.2408242,0x26,False,2,E880
1754423788.2562425,0x26,False,2,E880
1754423788.2713122,0x26,False,2,E880
1754423788.2871475,0x26,False,2,E880
1754423788.2935584,0x7df,False,8,02010C0000000000
1754423788.302339,0x26,False,2,E880
1754423788.3174608,0x26,False,2,E880
1754423788.3333404,0x26,False,2,E880
1754423788.3334463,0x99,False,1,00
1754423788.347912,0x26,False,2,E880
1754423788.363179,0x26,False,2,E880
1754423788.3782368,0x26,False,2,E880
1754423788.393708,0x26,False,2,E880
1754423788.4087143,0x26,False,2,E880
1754423788.425263,0x26,False,2,E880
1754423788.4409344,0x26,False,2,E880
1754423788.4563951,0x26,False,2,E880
1754423788.4709136,0x26,False,2,E880
1754423788.4869406,0x26,False,2,E880
1754423788.4940724,0x7df,False,8,02010C0000000000
1754423788.5040808,0x26,False,2,E880
1754423788.5171118,0x26,False,2,E880
1754423788.5321717,0x26,False,2,E880
1754423788.5471601,0x26,False,2,E880
1754423788.5625207,0x26,False,2,E880
1754423788.5775087,0x26,False,2,E880
1754423788.592762,0x26,False,2,E880
1754423788.6085546,0x26,False,2,E880
1754423788.6241353,0x26,False,2,E880
1754423788.6399093,0x26,False,2,E880
1754423788.6548092,0x26,False,2,E880
1754423788.6706607,0x26,False,2,E880
1754423788.686595,0x26,False,2,E880
1754423788.6944945,0x7df,False,8,02010C0000000000
1754423788.7015288,0x26,False,2,E880
1754423788.717102,0x26,False,2,E880
1754423788.7341378,0x26,False,2,E880
1754423788.7470567,0x26,False,2,E880
1754423788.7614388,0x26,False,2,E880
1754423788.7770665,0x26,False,2,E880
1754423788.7941024,0x26,False,2,E880
1754423788.8065143,0x26,False,2,E880
1754423788.8234377,0x26,False,2,E880
1754423788.8378458,0x26,False,2,E880
1754423788.8531575,0x26,False,2,E880
1754423788.8677356,0x26,False,2,E880
1754423788.867839,0x99,False,1,00
1754423788.8841078,0x26,False,2,E880
1754423788.8947415,0x7df,False,8,02010C0000000000
1754423788.8984473,0x26,False,2,E880
1754423788.914022,0x26,False,2,E880
1754423788.928998,0x26,False,2,E880
1754423788.9439414,0x26,False,2,E880
1754423788.9601593,0x26,False,2,E880
1754423788.974721,0x26,False,2,E880
1754423788.989789,0x26,False,2,E880
1754423789.0047252,0x26,False,2,E880
1754423789.0201612,0x26,False,2,E880
1754423789.0347881,0x26,False,2,E880
1754423789.0501947,0x26,False,2,E880
1754423789.065345,0x26,False,2,E880
1754423789.0833032,0x26,False,2,E880
1754423789.0954492,0x7df,False,8,02010C0000000000
1754423789.095531,0x26,False,2,E880
1754423789.1129122,0x26,False,2,E880
1754423789.12613,0x26,False,2,E880
1754423789.1419313,0x26,False,2,E880
1754423789.1570024,0x26,False,2,E880
1754423789.1735482,0x26,False,2,E880
1754423789.1879587,0x26,False,2,E880
1754423789.2031608,0x26,False,2,E880
1754423789.2192287,0x26,False,2,E880
1754423789.232238,0x26,False,2,E880
1754423789.247936,0x26,False,2,E880
1754423789.263379,0x26,False,2,E880
1754423789.2795541,0x26,False,2,E880
1754423789.2944481,0x26,False,2,E880
1754423789.2958047,0x7df,False,8,02010C0000000000
1754423789.3120108,0x26,False,2,E880
1754423789.3260725,0x26,False,2,E880
1754423789.341036,0x26,False,2,E880
1754423789.3570883,0x26,False,2,E880
1754423789.37174,0x26,False,2,E880
1754423789.388019,0x26,False,2,E880
1754423789.402365,0x26,False,2,E880
1754423789.4024577,0x99,False,1,00
1754423789.4175036,0x26,False,2,E880
1754423789.4340522,0x26,False,2,E880
1754423789.4481578,0x26,False,2,E880
1754423789.463204,0x26,False,2,E880
1754423789.4780123,0x26,False,2,E880
1754423789.4962323,0x26,False,2,E880
1754423789.4966514,0x7df,False,8,02010C0000000000
1754423789.5094547,0x26,False,2,E880
1754423789.5247743,0x26,False,2,E880
1754423789.5413263,0x26,False,2,E880
1754423789.5545063,0x26,False,2,E880
1754423789.572896,0x26,False,2,E880
1754423789.585104,0x26,False,2,E880
1754423789.6002479,0x26,False,2,E880
1754423789.6168253,0x26,False,2,E880
1754423789.6314347,0x26,False,2,E880
1754423789.64701,0x26,False,2,E880
1754423789.662219,0x26,False,2,E880
1754423789.6777103,0x26,False,2,E880
1754423789.6941493,0x26,False,2,E880
1754423789.6971421,0x7df,False,8,02010C0000000000
1754423789.7103093,0x26,False,2,E880
1754423789.72403,0x26,False,2,E880
1754423789.7407866,0x26,False,2,E880
1754423789.7558987,0x26,False,2,E880
1754423789.7696795,0x26,False,2,E880
1754423789.7850947,0x26,False,2,E880
1754423789.8006077,0x26,False,2,E880
1754423789.8159149,0x26,False,2,E880
1754423789.831181,0x26,False,2,E880
1754423789.8463547,0x26,False,2,E880
1754423789.8611112,0x26,False,2,E880
1754423789.8768995,0x26,False,2,E880
1754423789.8911273,0x26,False,2,E880
1754423789.8977814,0x7df,False,8,02010C0000000000
1754423789.9069493,0x26,False,2,E880
1754423789.9220476,0x26,False,2,E880
1754423789.9360685,0x26,False,2,E880
1754423789.9361582,0x99,False,1,00
1754423789.9511917,0x26,False,2,E880
1754423789.9668717,0x26,False,2,E880
1754423789.984446,0x26,False,2,E880
1754423789.9962926,0x26,False,2,E880
1754423790.0119994,0x26,False,2,E880
1754423790.027097,0x26,False,2,E880
1754423790.0420036,0x26,False,2,E880
1754423790.0571973,0x26,False,2,E880
1754423790.0721686,0x26,False,2,E880
1754423790.0873117,0x26,False,2,E880
1754423790.098292,0x7df,False,8,02010C0000000000
1754423790.1022327,0x26,False,2,E880
1754423790.1170173,0x26,False,2,E880
1754423790.1327753,0x26,False,2,E880
1754423790.1477087,0x26,False,2,E880
1754423790.1638494,0x26,False,2,E880
1754423790.178508,0x26,False,2,E880
1754423790.1941035,0x26,False,2,E880
1754423790.2091315,0x26,False,2,E880
1754423790.2246463,0x26,False,2,E880
1754423790.2409956,0x26,False,2,E880
1754423790.2554843,0x26,False,2,E880
1754423790.2712379,0x26,False,2,E880
1754423790.2868464,0x26,False,2,E880
1754423790.2989392,0x7df,False,8,02010C0000000000
1754423790.301727,0x26,False,2,E880
1754423790.316426,0x26,False,2,E880
1754423790.3322961,0x26,False,2,E880
1754423790.3480794,0x26,False,2,E880
1754423790.363235,0x26,False,2,E880
1754423790.3777778,0x26,False,2,E880
1754423790.3950224,0x26,False,2,E880
1754423790.4078574,0x26,False,2,E880
1754423790.4229696,0x26,False,2,E880
1754423790.438186,0x26,False,2,E880
1754423790.4545088,0x26,False,2,E880
1754423790.468606,0x26,False,2,E880
1754423790.4686902,0x99,False,1,00
1754423790.4840608,0x26,False,2,E880
1754423790.4986188,0x26,False,2,E880
1754423790.4994807,0x7df,False,8,02010C0000000000
1754423790.5138674,0x26,False,2,E880
1754423790.5284088,0x26,False,2,E880
1754423790.5464766,0x26,False,2,E880
1754423790.5598276,0x26,False,2,E880
1754423790.5758927,0x26,False,2,E880
1754423790.5897071,0x26,False,2,E880
1754423790.6050441,0x26,False,2,E880
1754423790.621311,0x26,False,2,E880
1754423790.6355238,0x26,False,2,E880
1754423790.6510816,0x26,False,2,E880
1754423790.666183,0x26,False,2,E880
1754423790.6822126,0x26,False,2,E880
1754423790.6971045,0x26,False,2,E880
1754423790.6999967,0x7df,False,8,02010C0000000000
1754423790.712842,0x26,False,2,E880
1754423790.7272441,0x26,False,2,E880
1754423790.7425416,0x26,False,2,E880
1754423790.758483,0x26,False,2,E880
1754423790.7778566,0x26,False,2,E880
1754423790.7888005,0x26,False,2,E880
1754423790.8046393,0x26,False,2,E880
1754423790.8195965,0x26,False,2,E880
1754423790.8351932,0x26,False,2,E880
1754423790.8500195,0x26,False,2,E880
1754423790.8659947,0x26,False,2,E880
1754423790.880905,0x26,False,2,E880
1754423790.898232,0x26,False,2,E880
1754423790.900477,0x7df,False,8,02010C0000000000
1754423790.9119053,0x26,False,2,E880
1754423790.927115,0x26,False,2,E880
1754423790.9420016,0x26,False,2,E880
1754423790.9572186,0x26,False,2,E880
1754423790.9721973,0x26,False,2,E880
1754423790.9872477,0x26,False,2,E880
1754423791.0025778,0x26,False,2,E880
1754423791.0026643,0x99,False,1,00
1754423791.0175984,0x26,False,2,E880
1754423791.0324872,0x26,False,2,E880
1754423791.0480254,0x26,False,2,E880
1754423791.0633774,0x26,False,2,E880
1754423791.0782733,0x26,False,2,E880
1754423791.0943687,0x26,False,2,E880
1754423791.1010153,0x7df,False,8,02010C0000000000
1754423791.1096394,0x26,False,2,E880
1754423791.1246743,0x26,False,2,E880
1754423791.1395712,0x26,False,2,E880
1754423791.154903,0x26,False,2,E880
1754423791.1704357,0x26,False,2,E880
1754423791.1851602,0x26,False,2,E880
1754423791.2030475,0x26,False,2,E880
1754423791.216016,0x26,False,2,E880
1754423791.231182,0x26,False,2,E880
1754423791.2459364,0x26,False,2,E880
1754423791.2616956,0x26,False,2,E880
1754423791.2768226,0x26,False,2,E880
1754423791.292326,0x26,False,2,E880
1754423791.3017142,0x7df,False,8,02010C0000000000
1754423791.3081813,0x26,False,2,E880
1754423791.322749,0x26,False,2,E880
1754423791.3383439,0x26,False,2,E880
1754423791.3530228,0x26,False,2,E880
1754423791.3679817,0x26,False,2,E880
1754423791.3838794,0x26,False,2,E880
1754423791.3984613,0x26,False,2,E880
1754423791.4143255,0x26,False,2,E880
1754423791.4288833,0x26,False,2,E880
1754423791.445214,0x26,False,2,E880
1754423791.4602249,0x26,False,2,E880
1754423791.4758413,0x26,False,2,E880
1754423791.4910297,0x26,False,2,E880
1754423791.5023642,0x7df,False,8,02010C0000000000
1754423791.5054314,0x26,False,2,E880
1754423791.5206683,0x26,False,2,E880
1754423791.5361621,0x26,False,2,E880
1754423791.5362566,0x99,False,1,00
1754423791.551964,0x26,False,2,E880
1754423791.5678604,0x26,False,2,E880
1754423791.5824306,0x26,False,2,E880
1754423791.5974984,0x26,False,2,E880
1754423791.6136568,0x26,False,2,E880
1754423791.62864,0x26,False,2,E880
1754423791.6439939,0x26,False,2,E880
1754423791.6600912,0x26,False,2,E880
1754423791.6757216,0x26,False,2,E880
1754423791.6919663,0x26,False,2,E880
1754423791.7027223,0x7df,False,8,02010C0000000000
1754423791.7070742,0x26,False,2,E880
1754423791.7210133,0x26,False,2,E880
1754423791.7366242,0x26,False,2,E880
1754423791.752111,0x26,False,2,E880
1754423791.7667515,0x26,False,2,E880
1754423791.7823572,0x26,False,2,E880
1754423791.7979226,0x26,False,2,E880
1754423791.8132696,0x26,False,2,E880
1754423791.8288143,0x26,False,2,E880
1754423791.8442345,0x26,False,2,E880
1754423791.8595407,0x26,False,2,E880
1754423791.874462,0x26,False,2,E880
1754423791.890821,0x26,False,2,E880
1754423791.903492,0x7df,False,8,02010C0000000000
1754423791.9074352,0x26,False,2,E880
1754423791.9204154,0x26,False,2,E880
1754423791.9348547,0x26,False,2,E880
1754423791.9505856,0x26,False,2,E880
1754423791.9655514,0x26,False,2,E880
1754423791.9820883,0x26,False,2,E880
1754423791.9988515,0x26,False,2,E880
1754423792.0131772,0x26,False,2,E880
1754423792.0288227,0x26,False,2,E880
1754423792.0449288,0x26,False,2,E880
1754423792.0604632,0x26,False,2,E880
1754423792.075674,0x26,False,2,E880
1754423792.0757651,0x99,False,1,00
1754423792.0906775,0x26,False,2,E880
1754423792.1041572,0x7df,False,8,02010C0000000000
1754423792.1056387,0x26,False,2,E880
1754423792.120666,0x26,False,2,E880
1754423792.1353745,0x26,False,2,E880
1754423792.151596,0x26,False,2,E880
1754423792.1689773,0x26,False,2,E880
1754423792.182046,0x26,False,2,E880
1754423792.1974616,0x26,False,2,E880
1754423792.213202,0x26,False,2,E880
1754423792.2281082,0x26,False,2,E880
1754423792.2432454,0x26,False,2,E880
1754423792.258283,0x26,False,2,E880
1754423792.2742133,0x26,False,2,E880
1754423792.288947,0x26,False,2,E880
1754423792.3036568,0x26,False,2,E880
1754423792.3047035,0x7df,False,8,02010C0000000000
1754423792.319084,0x26,False,2,E880
1754423792.3348262,0x26,False,2,E880
1754423792.3507602,0x26,False,2,E880
1754423792.368574,0x26,False,2,E880
1754423792.3801432,0x26,False,2,E880
1754423792.3953416,0x26,False,2,E880
1754423792.410144,0x26,False,2,E880
1754423792.4259555,0x26,False,2,E880
1754423792.4416294,0x26,False,2,E880
1754423792.4560652,0x26,False,2,E880
1754423792.4714372,0x26,False,2,E880
1754423792.4868906,0x26,False,2,E880
1754423792.504312,0x26,False,2,E880
1754423792.5052938,0x7df,False,8,02010C0000000000
1754423792.5194457,0x26,False,2,E880
1754423792.532616,0x26,False,2,E880
1754423792.5480144,0x26,False,2,E880
1754423792.5631912,0x26,False,2,E880
1754423792.5796459,0x26,False,2,E880
1754423792.5939429,0x26,False,2,E880
1754423792.6089187,0x26,False,2,E880
1754423792.609012,0x99,False,1,00
1754423792.6262577,0x26,False,2,E880
1754423792.6391978,0x26,False,2,E880
1754423792.654439,0x26,False,2,E880
1754423792.6698284,0x26,False,2,E880
1754423792.6861527,0x26,False,2,E880
1754423792.7011824,0x26,False,2,E880
1754423792.7058206,0x7df,False,8,02010C0000000000
1754423792.7171805,0x26,False,2,E880
1754423792.732991,0x26,False,2,E880
1754423792.7463114,0x26,False,2,E880
1754423792.7612817,0x26,False,2,E880
1754423792.7764633,0x26,False,2,E880
1754423792.7917814,0x26,False,2,E880
1754423792.806868,0x26,False,2,E880
1754423792.8216746,0x26,False,2,E880
1754423792.8390417,0x26,False,2,E880
1754423792.852381,0x26,False,2,E880
1754423792.869231,0x26,False,2,E880
1754423792.8838153,0x26,False,2,E880
1754423792.898191,0x26,False,2,E880
1754423792.9063199,0x7df,False,8,02010C0000000000
1754423792.9143243,0x26,False,2,E880
1754423792.9290907,0x26,False,2,E880
1754423792.945038,0x26,False,2,E880
1754423792.9605668,0x26,False,2,E880
1754423792.9793026,0x26,False,2,E880
1754423792.9908144,0x26,False,2,E880
1754423793.0054953,0x26,False,2,E880
1754423793.0207334,0x26,False,2,E880
1754423793.0355613,0x26,False,2,E880
1754423793.0501306,0x26,False,2,E880
1754423793.065391,0x26,False,2,E880
1754423793.0808885,0x26,False,2,E880
1754423793.0971239,0x26,False,2,E880
1754423793.106824,0x7df,False,8,02010C0000000000
1754423793.1130195,0x26,False,2,E880
1754423793.1272137,0x26,False,2,E880
1754423793.1420736,0x26,False,2,E880
1754423793.1421669,0x99,False,1,00
1754423793.1574624,0x26,False,2,E880
1754423793.1722958,0x26,False,2,E880
1754423793.1870964,0x26,False,2,E880
1754423793.2024162,0x26,False,2,E880
1754423793.2203774,0x26,False,2,E880
1754423793.2322423,0x26,False,2,E880
1754423793.2472415,0x26,False,2,E880
1754423793.263184,0x26,False,2,E880
1754423793.2783003,0x26,False,2,E880
1754423793.2932446,0x26,False,2,E880
1754423793.3075728,0x7df,False,8,02010C0000000000
1754423793.309665,0x26,False,2,E880
1754423793.3239946,0x26,False,2,E880
1754423793.3389366,0x26,False,2,E880
1754423793.3539293,0x26,False,2,E880
1754423793.3690681,0x26,False,2,E880
1754423793.3839452,0x26,False,2,E880
1754423793.3991108,0x26,False,2,E880
1754423793.4139185,0x26,False,2,E880
1754423793.4288175,0x26,False,2,E880
1754423793.4436207,0x26,False,2,E880
1754423793.45972,0x26,False,2,E880
1754423793.4745264,0x26,False,2,E880
1754423793.4904897,0x26,False,2,E880
1754423793.505962,0x26,False,2,E880
1754423793.5080833,0x7df,False,8,02010C0000000000
1754423793.521289,0x26,False,2,E880
1754423793.5366213,0x26,False,2,E880
1754423793.5518134,0x26,False,2,E880
1754423793.5665016,0x26,False,2,E880
1754423793.582972,0x26,False,2,E880
1754423793.6022525,0x26,False,2,E880
1754423793.613349,0x26,False,2,E880
1754423793.6292565,0x26,False,2,E880
1754423793.643962,0x26,False,2,E880
1754423793.6596062,0x26,False,2,E880
1754423793.674133,0x26,False,2,E880
1754423793.674218,0x99,False,1,00
1754423793.6898391,0x26,False,2,E880
1754423793.704446,0x26,False,2,E880
1754423793.7086291,0x7df,False,8,02010C0000000000
1754423793.7228596,0x26,False,2,E880
1754423793.7349105,0x26,False,2,E880
1754423793.7498674,0x26,False,2,E880
1754423793.7655451,0x26,False,2,E880
1754423793.7825267,0x26,False,2,E880
1754423793.7960567,0x26,False,2,E880
1754423793.8111792,0x26,False,2,E880
1754423793.8312368,0x26,False,2,E880
1754423793.8422537,0x26,False,2,E880
1754423793.8570278,0x26,False,2,E880
1754423793.872028,0x26,False,2,E880
1754423793.887161,0x26,False,2,E880
1754423793.9022748,0x26,False,2,E880
1754423793.9091349,0x7df,False,8,02010C0000000000
1754423793.920646,0x26,False,2,E880
1754423793.9332757,0x26,False,2,E880
1754423793.9493985,0x26,False,2,E880
1754423793.9638197,0x26,False,2,E880
1754423793.9791923,0x26,False,2,E880
1754423793.9947162,0x26,False,2,E880
1754423794.0109553,0x26,False,2,E880
1754423794.0248554,0x26,False,2,E880
1754423794.0407717,0x26,False,2,E880
1754423794.0555832,0x26,False,2,E880
1754423794.0699782,0x26,False,2,E880
1754423794.086133,0x26,False,2,E880
1754423794.1016278,0x26,False,2,E880
1754423794.1096997,0x7df,False,8,02010C0000000000
1754423794.116723,0x26,False,2,E880
1754423794.1319335,0x26,False,2,E880
1754423794.1464105,0x26,False,2,E880
1754423794.1613677,0x26,False,2,E880
1754423794.175902,0x26,False,2,E880
1754423794.192408,0x26,False,2,E880
1754423794.2072897,0x26,False,2,E880
1754423794.2073557,0x99,False,1,00
1754423794.223344,0x26,False,2,E880
1754423794.2394512,0x26,False,2,E880
1754423794.2529104,0x26,False,2,E880
1754423794.267892,0x26,False,2,E880
1754423794.2833195,0x26,False,2,E880
1754423794.300259,0x26,False,2,E880
1754423794.3102303,0x7df,False,8,02010C0000000000
1754423794.313646,0x26,False,2,E880
1754423794.328289,0x26,False,2,E880
1754423794.3471272,0x26,False,2,E880
1754423794.3588228,0x26,False,2,E880
1754423794.3744054,0x26,False,2,E880
1754423794.3888245,0x26,False,2,E880
1754423794.4042222,0x26,False,2,E880
1754423794.4195864,0x26,False,2,E880
1754423794.4352314,0x26,False,2,E880
1754423794.4513104,0x26,False,2,E880
1754423794.4658568,0x26,False,2,E880
1754423794.4806638,0x26,False,2,E880
1754423794.4954672,0x26,False,2,E880
1754423794.5105715,0x7df,False,8,02010C0000000000
1754423794.5112464,0x26,False,2,E880
1754423794.5266562,0x26,False,2,E880
1754423794.54197,0x26,False,2,E880
1754423794.5569978,0x26,False,2,E880
1754423794.5753243,0x26,False,2,E880
1754423794.5874753,0x26,False,2,E880
1754423794.6030684,0x26,False,2,E880
1754423794.6182985,0x26,False,2,E880
1754423794.6329103,0x26,False,2,E880
1754423794.6510284,0x26,False,2,E880
1754423794.6638503,0x26,False,2,E880
1754423794.679579,0x26,False,2,E880
1754423794.6965988,0x26,False,2,E880
1754423794.7099447,0x26,False,2,E880
1754423794.7109976,0x7df,False,8,02010C0000000000
1754423794.7256353,0x26,False,2,E880
1754423794.7257104,0x99,False,1,00
1754423794.740019,0x26,False,2,E880
1754423794.755294,0x26,False,2,E880
1754423794.7702272,0x26,False,2,E880
1754423794.7853458,0x26,False,2,E880
1754423794.8006968,0x26,False,2,E880
1754423794.815949,0x26,False,2,E880
1754423794.831129,0x26,False,2,E880
1754423794.8468497,0x26,False,2,E880
1754423794.8622477,0x26,False,2,E880
1754423794.8775544,0x26,False,2,E880
1754423794.8934264,0x26,False,2,E880
1754423794.909639,0x26,False,2,E880
1754423794.9113736,0x7df,False,8,02010C0000000000
1754423794.923823,0x26,False,2,E880
1754423794.9381094,0x26,False,2,E880
1754423794.954245,0x26,False,2,E880
1754423794.9701114,0x26,False,2,E880
1754423794.9846494,0x26,False,2,E880
1754423795.001499,0x26,False,2,E880
1754423795.0156186,0x26,False,2,E880
1754423795.0312588,0x26,False,2,E880
1754423795.0466995,0x26,False,2,E880
1754423795.0621624,0x26,False,2,E880
1754423795.0791516,0x26,False,2,E880
1754423795.0929985,0x26,False,2,E880
1754423795.1087632,0x26,False,2,E880
1754423795.1117995,0x7df,False,8,02010C0000000000
1754423795.124686,0x26,False,2,E880
1754423795.1391652,0x26,False,2,E880
1754423795.154342,0x26,False,2,E880
1754423795.1695228,0x26,False,2,E880
1754423795.1847904,0x26,False,2,E880
1754423795.2001798,0x26,False,2,E880
1754423795.2157567,0x26,False,2,E880
1754423795.2308276,0x26,False,2,E880
1754423795.2456079,0x26,False,2,E880
1754423795.2612283,0x26,False,2,E880
1754423795.2613392,0x99,False,1,00
1754423795.2774801,0x26,False,2,E880
1754423795.2922916,0x26,False,2,E880
1754423795.308337,0x26,False,2,E880
1754423795.3121438,0x7df,False,8,02010C0000000000
1754423795.3234503,0x26,False,2,E880
1754423795.338946,0x26,False,2,E880
1754423795.3596747,0x26,False,2,E880
1754423795.3689094,0x26,False,2,E880
1754423795.3842201,0x26,False,2,E880
1754423795.4018137,0x26,False,2,E880
1754423795.4158916,0x26,False,2,E880
1754423795.4302845,0x26,False,2,E880
1754423795.445536,0x26,False,2,E880
1754423795.4621747,0x26,False,2,E880
1754423795.4763312,0x26,False,2,E880
1754423795.4914012,0x26,False,2,E880
1754423795.5068548,0x26,False,2,E880
1754423795.512507,0x7df,False,8,02010C0000000000
1754423795.5239897,0x26,False,2,E880
1754423795.5367193,0x26,False,2,E880
1754423795.5523636,0x26,False,2,E880
1754423795.5685782,0x26,False,2,E880
1754423795.5828488,0x26,False,2,E880
1754423795.598357,0x26,False,2,E880
1754423795.6126785,0x26,False,2,E880
1754423795.6280084,0x26,False,2,E880
1754423795.6438506,0x26,False,2,E880
1754423795.6625254,0x26,False,2,E880
1754423795.6736162,0x26,False,2,E880
1754423795.6888502,0x26,False,2,E880
1754423795.7043698,0x26,False,2,E880
1754423795.712828,0x7df,False,8,02010C0000000000
1754423795.7196233,0x26,False,2,E880
1754423795.7341332,0x26,False,2,E880
1754423795.7543373,0x26,False,2,E880
1754423795.7652056,0x26,False,2,E880
1754423795.7831786,0x26,False,2,E880
1754423795.795543,0x26,False,2,E880
1754423795.795634,0x99,False,1,00
1754423795.8115413,0x26,False,2,E880
1754423795.826157,0x26,False,2,E880
1754423795.8419216,0x26,False,2,E880
1754423795.85747,0x26,False,2,E880
1754423795.8721175,0x26,False,2,E880
1754423795.887499,0x26,False,2,E880
1754423795.9020107,0x26,False,2,E880
1754423795.9133763,0x7df,False,8,02010C0000000000
1754423795.9179842,0x26,False,2,E880
1754423795.9332125,0x26,False,2,E880
1754423795.9479842,0x26,False,2,E880
1754423795.9639432,0x26,False,2,E880
1754423795.9783769,0x26,False,2,E880
1754423795.9928856,0x26,False,2,E880
1754423796.0082252,0x26,False,2,E880
1754423796.0230355,0x26,False,2,E880
1754423796.03801,0x26,False,2,E880
1754423796.0529504,0x26,False,2,E880
1754423796.0677853,0x26,False,2,E880
1754423796.0828545,0x26,False,2,E880
1754423796.0978255,0x26,False,2,E880
1754423796.1128464,0x26,False,2,E880
1754423796.113627,0x7df,False,8,02010C0000000000
1754423796.1280134,0x26,False,2,E880
1754423796.1436477,0x26,False,2,E880
1754423796.158352,0x26,False,2,E880
1754423796.1741917,0x26,False,2,E880
1754423796.1878653,0x26,False,2,E880
1754423796.2029808,0x26,False,2,E880
1754423796.2179382,0x26,False,2,E880
1754423796.2328942,0x26,False,2,E880
1754423796.247713,0x26,False,2,E880
1754423796.2629755,0x26,False,2,E880
1754423796.278054,0x26,False,2,E880
1754423796.292959,0x26,False,2,E880
1754423796.3078406,0x26,False,2,E880
1754423796.3141375,0x7df,False,8,02010C0000000000
1754423796.3233156,0x26,False,2,E880
1754423796.3385015,0x26,False,2,E880
1754423796.338606,0x99,False,1,00
1754423796.353027,0x26,False,2,E880
1754423796.3680882,0x26,False,2,E880
1754423796.3829226,0x26,False,2,E880
1754423796.3978884,0x26,False,2,E880
1754423796.4129004,0x26,False,2,E880
1754423796.427873,0x26,False,2,E880
1754423796.4433122,0x26,False,2,E880
1754423796.457876,0x26,False,2,E880
1754423796.4728734,0x26,False,2,E880
1754423796.487858,0x26,False,2,E880
1754423796.50333,0x26,False,2,E880
1754423796.5144866,0x7df,False,8,02010C0000000000
1754423796.5180814,0x26,False,2,E880
1754423796.532869,0x26,False,2,E880
1754423796.5478985,0x26,False,2,E880
1754423796.5629168,0x26,False,2,E880
1754423796.577958,0x26,False,2,E880
1754423796.5928922,0x26,False,2,E880
1754423796.6080856,0x26,False,2,E880
1754423796.6229007,0x26,False,2,E880
1754423796.6380825,0x26,False,2,E880
1754423796.6529808,0x26,False,2,E880
1754423796.6678402,0x26,False,2,E880
1754423796.6828268,0x26,False,2,E880
1754423796.6982377,0x26,False,2,E880
1754423796.7134957,0x26,False,2,E880
1754423796.7149062,0x7df,False,8,02010C0000000000
1754423796.7282636,0x26,False,2,E880
1754423796.742879,0x26,False,2,E880
1754423796.7578769,0x26,False,2,E880
1754423796.7728403,0x26,False,2,E880
1754423796.8036404,0x26,False,2,E880
1754423796.8037395,0x26,False,2,E880
1754423796.818861,0x26,False,2,E880
1754423796.834067,0x26,False,2,E880
1754423796.849802,0x26,False,2,E880
1754423796.8646939,0x26,False,2,E880
1754423796.880394,0x26,False,2,E880
1754423796.8805027,0x99,False,1,00
1754423796.8957267,0x26,False,2,E880
1754423796.9104788,0x26,False,2,E880
1754423796.9152706,0x7df,False,8,02010C0000000000
1754423796.9273252,0x26,False,2,E880
1754423796.9406435,0x26,False,2,E880
1754423796.9567442,0x26,False,2,E880
1754423796.9706626,0x26,False,2,E880
1754423796.9857395,0x26,False,2,E880
1754423797.0013018,0x26,False,2,E880
1754423797.017192,0x26,False,2,E880
1754423797.0320778,0x26,False,2,E880
1754423797.0468986,0x26,False,2,E880
1754423797.0654078,0x26,False,2,E880
1754423797.078215,0x26,False,2,E880
1754423797.0935628,0x26,False,2,E880
1754423797.110015,0x26,False,2,E880
1754423797.1156178,0x7df,False,8,02010C0000000000
1754423797.1258254,0x26,False,2,E880
1754423797.139312,0x26,False,2,E880
1754423797.1543136,0x26,False,2,E880
1754423797.1705587,0x26,False,2,E880
1754423797.1862843,0x26,False,2,E880
1754423797.2041366,0x26,False,2,E880
1754423797.2154822,0x26,False,2,E880
1754423797.231287,0x26,False,2,E880
1754423797.2468686,0x26,False,2,E880
1754423797.2628572,0x26,False,2,E880
1754423797.278086,0x26,False,2,E880
1754423797.2927911,0x26,False,2,E880
1754423797.3083699,0x26,False,2,E880
1754423797.3160462,0x7df,False,8,02010C0000000000
1754423797.3251526,0x26,False,2,E880
1754423797.3399405,0x26,False,2,E880
1754423797.3534966,0x26,False,2,E880
1754423797.3708758,0x26,False,2,E880
1754423797.386971,0x26,False,2,E880
1754423797.399877,0x26,False,2,E880
1754423797.4148822,0x26,False,2,E880
1754423797.4149826,0x99,False,1,00
1754423797.4308174,0x26,False,2,E880
1754423797.4458437,0x26,False,2,E880
1754423797.4610515,0x26,False,2,E880
1754423797.476316,0x26,False,2,E880
1754423797.491937,0x26,False,2,E880
1754423797.5067382,0x26,False,2,E880
1754423797.5163932,0x7df,False,8,02010C0000000000
1754423797.5222795,0x26,False,2,E880
1754423797.536757,0x26,False,2,E880
1754423797.5518036,0x26,False,2,E880
1754423797.5668209,0x26,False,2,E880
1754423797.5818145,0x26,False,2,E880
1754423797.596808,0x26,False,2,E880
1754423797.6119769,0x26,False,2,E880
1754423797.6269398,0x26,False,2,E880
1754423797.6420345,0x26,False,2,E880
1754423797.6570392,0x26,False,2,E880
1754423797.671922,0x26,False,2,E880
1754423797.6867871,0x26,False,2,E880
1754423797.7018101,0x26,False,2,E880
1754423797.716827,0x7df,False,8,02010C0000000000
1754423797.717598,0x26,False,2,E880
1754423797.7324007,0x26,False,2,E880
1754423797.7471266,0x26,False,2,E880
1754423797.7637997,0x26,False,2,E880
1754423797.778648,0x26,False,2,E880
1754423797.7931426,0x26,False,2,E880
1754423797.8087156,0x26,False,2,E880
1754423797.8241813,0x26,False,2,E880
1754423797.8387387,0x26,False,2,E880
1754423797.854152,0x26,False,2,E880
1754423797.869741,0x26,False,2,E880
1754423797.884302,0x26,False,2,E880
1754423797.8990488,0x26,False,2,E880
1754423797.913907,0x26,False,2,E880
1754423797.9171846,0x7df,False,8,02010C0000000000
1754423797.9307,0x26,False,2,E880
1754423797.9444215,0x26,False,2,E880
1754423797.944526,0x99,False,1,00
1754423797.9595673,0x26,False,2,E880
1754423797.9754138,0x26,False,2,E880
1754423797.9911926,0x26,False,2,E880
1754423798.005623,0x26,False,2,E880
1754423798.0215263,0x26,False,2,E880
1754423798.0357578,0x26,False,2,E880
1754423798.0508783,0x26,False,2,E880
1754423798.065367,0x26,False,2,E880
1754423798.081856,0x26,False,2,E880
1754423798.0971186,0x26,False,2,E880
1754423798.1112108,0x26,False,2,E880
1754423798.1175187,0x7df,False,8,02010C0000000000
1754423798.1268826,0x26,False,2,E880
1754423798.1411943,0x26,False,2,E880
1754423798.156684,0x26,False,2,E880
1754423798.1719582,0x26,False,2,E880
1754423798.1874347,0x26,False,2,E880
1754423798.2024472,0x26,False,2,E880
1754423798.2184048,0x26,False,2,E880
1754423798.237288,0x26,False,2,E880
1754423798.2485907,0x26,False,2,E880
1754423798.263667,0x26,False,2,E880
1754423798.2788904,0x26,False,2,E880
1754423798.2938225,0x26,False,2,E880
1754423798.3088474,0x26,False,2,E880
1754423798.3180242,0x7df,False,8,02010C0000000000
1754423798.3242478,0x26,False,2,E880
1754423798.3393292,0x26,False,2,E880
1754423798.3550744,0x26,False,2,E880
1754423798.3692572,0x26,False,2,E880
1754423798.3846266,0x26,False,2,E880
1754423798.400566,0x26,False,2,E880
1754423798.4154277,0x26,False,2,E880
1754423798.4299214,0x26,False,2,E880
1754423798.4454677,0x26,False,2,E880
1754423798.4613957,0x26,False,2,E880
1754423798.4765956,0x26,False,2,E880
1754423798.476678,0x99,False,1,00
1754423798.4924097,0x26,False,2,E880
1754423798.5080013,0x26,False,2,E880
1754423798.5183775,0x7df,False,8,02010C0000000000
1754423798.5239806,0x26,False,2,E880
1754423798.5393758,0x26,False,2,E880
1754423798.5563962,0x26,False,2,E880
1754423798.5697463,0x26,False,2,E880
1754423798.5853722,0x26,False,2,E880
1754423798.6017053,0x26,False,2,E880
1754423798.617818,0x26,False,2,E880
1754423798.6326325,0x26,False,2,E880
1754423798.6475456,0x26,False,2,E880
1754423798.6630285,0x26,False,2,E880
1754423798.6780772,0x26,False,2,E880
1754423798.6933331,0x26,False,2,E880
1754423798.7082348,0x26,False,2,E880
1754423798.7188034,0x7df,False,8,02010C0000000000
1754423798.7238414,0x26,False,2,E880
1754423798.7402072,0x26,False,2,E880
1754423798.7551358,0x26,False,2,E880
1754423798.7690678,0x26,False,2,E880
1754423798.7839048,0x26,False,2,E880
1754423798.7998579,0x26,False,2,E880
1754423798.81534,0x26,False,2,E880
1754423798.831165,0x26,False,2,E880
1754423798.8451393,0x26,False,2,E880
1754423798.8603904,0x26,False,2,E880
1754423798.874642,0x26,False,2,E880
1754423798.889746,0x26,False,2,E880
1754423798.9051778,0x26,False,2,E880
1754423798.919156,0x7df,False,8,02010C0000000000
1754423798.9207692,0x26,False,2,E880
1754423798.936377,0x26,False,2,E880
1754423798.9506593,0x26,False,2,E880
1754423798.965779,0x26,False,2,E880
1754423798.9805691,0x26,False,2,E880
1754423798.9952672,0x26,False,2,E880
1754423799.0121367,0x26,False,2,E880
1754423799.0122383,0x99,False,1,00
1754423799.0259504,0x26,False,2,E880
1754423799.0412002,0x26,False,2,E880
1754423799.0566087,0x26,False,2,E880
1754423799.0721083,0x26,False,2,E880
1754423799.0880544,0x26,False,2,E880
1754423799.1041193,0x26,False,2,E880
1754423799.1186662,0x26,False,2,E880
1754423799.1198602,0x7df,False,8,02010C0000000000
1754423799.1338432,0x26,False,2,E880
1754423799.1492617,0x26,False,2,E880
1754423799.1643784,0x26,False,2,E880
1754423799.1793814,0x26,False,2,E880
1754423799.1947892,0x26,False,2,E880
1754423799.2090156,0x26,False,2,E880
1754423799.224085,0x26,False,2,E880
1754423799.2391639,0x26,False,2,E880
1754423799.255938,0x26,False,2,E880
1754423799.270426,0x26,False,2,E880
1754423799.284925,0x26,False,2,E880
1754423799.302464,0x26,False,2,E880
1754423799.3186126,0x26,False,2,E880
1754423799.3205206,0x7df,False,8,02010C0000000000
1754423799.331687,0x26,False,2,E880
1754423799.3461523,0x26,False,2,E880
1754423799.3653543,0x26,False,2,E880
1754423799.3765092,0x26,False,2,E880
1754423799.3919728,0x26,False,2,E880
1754423799.4078686,0x26,False,2,E880
1754423799.4235003,0x26,False,2,E880
1754423799.439551,0x26,False,2,E880
1754423799.4539165,0x26,False,2,E880
1754423799.4693527,0x26,False,2,E880
1754423799.4841464,0x26,False,2,E880
1754423799.5004873,0x26,False,2,E880
1754423799.5156946,0x26,False,2,E880
1754423799.5210888,0x7df,False,8,02010C0000000000
1754423799.5336492,0x26,False,2,E880
1754423799.5451188,0x26,False,2,E880
1754423799.5452132,0x99,False,1,00
1754423799.5604131,0x26,False,2,E880
1754423799.5752332,0x26,False,2,E880
1754423799.5912528,0x26,False,2,E880
1754423799.606643,0x26,False,2,E880
1754423799.6221015,0x26,False,2,E880
1754423799.6386383,0x26,False,2,E880
1754423799.6539402,0x26,False,2,E880
1754423799.6681397,0x26,False,2,E880
1754423799.68365,0x26,False,2,E880
1754423799.6993597,0x26,False,2,E880
1754423799.7154627,0x26,False,2,E880
1754423799.7217906,0x7df,False,8,02010C0000000000
1754423799.731034,0x26,False,2,E880
1754423799.7457335,0x26,False,2,E880
1754423799.7611282,0x26,False,2,E880
1754423799.7760198,0x26,False,2,E880
1754423799.791935,0x26,False,2,E880
1754423799.808155,0x26,False,2,E880
1754423799.824,0x26,False,2,E880
1754423799.8375225,0x26,False,2,E880
1754423799.8542688,0x26,False,2,E880
1754423799.8682876,0x26,False,2,E880
1754423799.8833382,0x26,False,2,E880
1754423799.8983994,0x26,False,2,E880
1754423799.914388,0x26,False,2,E880
1754423799.922324,0x7df,False,8,02010C0000000000
1754423799.9288366,0x26,False,2,E880
1754423799.9458466,0x26,False,2,E880
1754423799.9604905,0x26,False,2,E880
1754423799.9752388,0x26,False,2,E880
1754423799.9903376,0x26,False,2,E880
1754423800.0048063,0x26,False,2,E880
1754423800.0210752,0x26,False,2,E880
1754423800.0369298,0x26,False,2,E880
1754423800.0510192,0x26,False,2,E880
1754423800.0668,0x26,False,2,E880
1754423800.0817823,0x26,False,2,E880
1754423800.081875,0x99,False,1,00
1754423800.097421,0x26,False,2,E880
1754423800.1134748,0x26,False,2,E880
1754423800.124119,0x7df,False,8,02010C0000000000
1754423800.1289716,0x26,False,2,E880
1754423800.143904,0x26,False,2,E880
1754423800.1590312,0x26,False,2,E880
1754423800.1743755,0x26,False,2,E880
1754423800.1894019,0x26,False,2,E880
1754423800.2045817,0x26,False,2,E880
1754423800.2192276,0x26,False,2,E880
1754423800.2342997,0x26,False,2,E880
1754423800.2499866,0x26,False,2,E880
1754423800.2655644,0x26,False,2,E880
1754423800.2814498,0x26,False,2,E880
1754423800.2967727,0x26,False,2,E880
1754423800.3119483,0x26,False,2,E880
1754423800.3273935,0x26,False,2,E880
1754423800.3430068,0x26,False,2,E880
1754423800.3593001,0x26,False,2,E880
1754423800.3734632,0x26,False,2,E880
1754423800.3887873,0x26,False,2,E880
1754423800.4050019,0x26,False,2,E880
1754423800.420498,0x26,False,2,E880
1754423800.436504,0x26,False,2,E880
1754423800.451705,0x26,False,2,E880
1754423800.4662192,0x26,False,2,E880
1754423800.4838607,0x26,False,2,E880
1754423800.4968886,0x26,False,2,E880
1754423800.5124986,0x26,False,2,E880
1754423800.5281408,0x26,False,2,E880
1754423800.5434806,0x26,False,2,E880
1754423800.558204,0x26,False,2,E880
1754423800.572914,0x26,False,2,E880
1754423800.588107,0x26,False,2,E880
1754423800.6039367,0x26,False,2,E880
1754423800.6193016,0x26,False,2,E880
1754423800.6193898,0x99,False,1,00
1754423800.635016,0x26,False,2,E880
1754423800.6510737,0x26,False,2,E880
1754423800.6646829,0x26,False,2,E880
1754423800.6788235,0x26,False,2,E880
1754423800.6940231,0x26,False,2,E880
1754423800.7090104,0x26,False,2,E880
1754423800.7248878,0x26,False,2,E880
1754423800.741355,0x26,False,2,E880
1754423800.7557817,0x26,False,2,E880
1754423800.769629,0x26,False,2,E880
1754423800.7847288,0x26,False,2,E880
1754423800.799746,0x26,False,2,E880
1754423800.8154898,0x26,False,2,E880
1754423800.8315446,0x26,False,2,E880
1754423800.8467927,0x26,False,2,E880
1754423800.8620715,0x26,False,2,E880
1754423800.8777246,0x26,False,2,E880
1754423800.8930569,0x26,False,2,E880
1754423800.9080408,0x26,False,2,E880
1754423800.9232342,0x26,False,2,E880
1754423800.9381907,0x26,False,2,E880
1754423800.9544659,0x26,False,2,E880
1754423800.9681976,0x26,False,2,E880
1754423800.9834394,0x26,False,2,E880
1754423800.998077,0x26,False,2,E880
1754423801.0130851,0x26,False,2,E880
1754423801.0287797,0x26,False,2,E880
1754423801.0431857,0x26,False,2,E880
1754423801.058396,0x26,False,2,E880
1754423801.0735698,0x26,False,2,E880
1754423801.0889235,0x26,False,2,E880
1754423801.1043062,0x26,False,2,E880
1754423801.1193013,0x26,False,2,E880
1754423801.134721,0x26,False,2,E880
1754423801.1518276,0x26,False,2,E880
1754423801.151938,0x99,False,1,00
1754423801.1647515,0x26,False,2,E880
1754423801.179266,0x26,False,2,E880
1754423801.1944625,0x26,False,2,E880
1754423801.2100317,0x26,False,2,E880
1754423801.2252948,0x26,False,2,E880
1754423801.2401109,0x26,False,2,E880
1754423801.2552516,0x26,False,2,E880
1754423801.2701323,0x26,False,2,E880
1754423801.2849298,0x26,False,2,E880
1754423801.299871,0x26,False,2,E880
1754423801.3149476,0x26,False,2,E880
1754423801.3299913,0x26,False,2,E880
1754423801.3449016,0x26,False,2,E880
